Historic Sales Tot Pe Fecha Date,Historic Sales Tot Pe Departamento,Historic Sales Tot Pe Subdepartamento,Historic Sales Tot Pe Clase,Historic Sales Tot Pe Subclase,Historic Sales Tot Pe Cod Ean,Historic Sales Tot Pe Cod SKU,Historic Sales Tot Pe Desc SKU,Historic Sales Tot Pe Cod Marca,Historic Sales Tot Pe Cod Localfisico,Historic Sales Tot Pe Desc Localfisico,Historic Sales Tot Pe Zonal,Historic Sales Tot Pe Rut Prov,Historic Sales Tot Pe Cod Proveedor,Historic Sales Tot Pe Qty,Historic Sales Tot Pe Venta Bruta,Historic Sales Tot Pe Venta Neta
2026-03-29,J1006 - JUGUETERIA,J100605 - JUGUETES NIÑAS,J10060501 - MUÑECAS,J1006050103 - MUÑECA,4006592089726,43392658,MUNECA EVI LOVE PRINCESA Y UNICORNIO,EVI LOVE,112,Quilca,Zona D,2060076804-3,2060076804,1,"9,90","8,39"
2026-03-29,J1006 - JUGUETERIA,J100605 - JUGUETES NIÑAS,J10060501 - MUÑECAS,J1006050103 - MUÑECA,4006592089726,43392658,MUNECA EVI LOVE PRINCESA Y UNICORNIO,EVI LOVE,318,HB Chiclayo Belaunde Lora,Zona HB,2060076804-3,2060076804,1,"9,90","8,39"
2026-03-29,J1006 - JUGUETERIA,J100605 - JUGUETES NIÑAS,J10060501 - MUÑECAS,J1006050103 - MUÑECA,4006592517151,43392653,MUNECA EVI LOVE MI PRIMERA BICI SURT,EVI LOVE,339,HB Chiclayo Leguia,Zona HB,2060076804-3,2060076804,1,"24,90","21,10"
2026-03-29,J1006 - JUGUETERIA,J100605 - JUGUETES NIÑAS,J10060501 - MUÑECAS,J1006050103 - MUÑECA,4006592579883,43392659,MUNECA EVI LOVE TIEMPO DE VERANO SURT,EVI LOVE,377,HB Ica Panamericana,Zona HB,2060076804-3,2060076804,1,"12,90","10,93"
2026-03-29,J1006 - JUGUETERIA,J100605 - JUGUETES NIÑAS,J10060501 - MUÑECAS,J1006050103 - MUÑECA,4006592579883,43392659,MUNECA EVI LOVE TIEMPO DE VERANO SURT,EVI LOVE,103,Mega Plaza,Zona B,2060076804-3,2060076804,1,"12,90","10,93"
2026-03-29,J1006 - JUGUETERIA,J100605 - JUGUETES NIÑAS,J10060501 - MUÑECAS,J1006050103 - MUÑECA,8056379162810,43410217,PINYPON TENEBROSA SERIE 14 CDU 24X2,PINYPON,316,Arequipa Porongoche,Zona A,2060076804-3,2060076804,2,"29,80","25,26"
2026-03-29,J1006 - JUGUETERIA,J100605 - JUGUETES NIÑAS,J10060501 - MUÑECAS,J1006050103 - MUÑECA,8056379162810,43410217,PINYPON TENEBROSA SERIE 14 CDU 24X2,PINYPON,319,HB Trujillo Pierola,Zona HB,2060076804-3,2060076804,1,"14,90","12,63"
2026-03-29,J1006 - JUGUETERIA,J100605 - JUGUETES NIÑAS,J10060501 - MUÑECAS,J1006050103 - MUÑECA,8056379162810,43410217,PINYPON TENEBROSA SERIE 14 CDU 24X2,PINYPON,173,HB Guardia Civil,Zona HB,2060076804-3,2060076804,1,"14,90","12,63"
2026-03-29,J1006 - JUGUETERIA,J100605 - JUGUETES NIÑAS,J10060501 - MUÑECAS,J1006050103 - MUÑECA,8056379162810,43410217,PINYPON TENEBROSA SERIE 14 CDU 24X2,PINYPON,155,Santa Anita,Zona B,2060076804-3,2060076804,1,"14,90","12,63"
2026-03-29,J1006 - JUGUETERIA,J100605 - JUGUETES NIÑAS,J10060501 - MUÑECAS,J1006050104 - MUÑECA CON ACCESORIOS,4006592505134,43077290,EVI LOVE AMIGA DE MASCOTAS SURTIDO,EV,310,Chiclayo 1,Zona C,2060076804-3,2060076804,1,"19,90","16,86"
2026-03-29,J1006 - JUGUETERIA,J100605 - JUGUETES NIÑAS,J10060501 - MUÑECAS,J1006050104 - MUÑECA CON ACCESORIOS,4006592515393,43077292,EVI LOVE CON AUTO Y MASCOTA,EV,314,Trujillo 2,Zona B,2060076804-3,2060076804,1,"69,90","59,24"
2026-03-29,J1006 - JUGUETERIA,J100605 - JUGUETES NIÑAS,J10060501 - MUÑECAS,J1006050104 - MUÑECA CON ACCESORIOS,4006592538477,43212180,MUNECA EVILOVE CAMAROTE Y 2 MUNECAS,EVI LOVE,358,Cajamarca,Zona E,2060076804-3,2060076804,1,"49,90","42,29"
2026-03-29,J1006 - JUGUETERIA,J100605 - JUGUETES NIÑAS,J10060501 - MUÑECAS,J1006050104 - MUÑECA CON ACCESORIOS,4052351030560,43331013,EVI LOVE CON MAMA Y BB CANGURO Y ACC,EV,451,HTO Huanuco,Zona E,2060076804-3,2060076804,1,"29,90","29,90"
2026-03-29,J1006 - JUGUETERIA,J100605 - JUGUETES NIÑAS,J10060501 - MUÑECAS,J1006050107 - OTRAS MUÑECAS,8410779051615,43102241,PINYPON CELEBRACION DE CUMPLEANOS,PINYPON,352,Pacasmayo,Zona E,2060076804-3,2060076804,1,"69,90","59,24"
2026-03-29,J1006 - JUGUETERIA,J100605 - JUGUETES NIÑAS,J10060501 - MUÑECAS,J1006050107 - OTRAS MUÑECAS,8410779087355,42837189,PINYPON MI MASCOTA Y YO SURT,PINYPON,190,Dominicos,Zona D,2060076804-3,2060076804,1,"27,90","23,64"
2026-03-29,J1006 - JUGUETERIA,J100605 - JUGUETES NIÑAS,J10060501 - MUÑECAS,J1006050107 - OTRAS MUÑECAS,8410779087355,42837189,PINYPON MI MASCOTA Y YO SURT,PINYPON,335,Chimbote,Zona B,2060076804-3,2060076804,0,"0,00","0,00"
2026-03-29,J1006 - JUGUETERIA,J100605 - JUGUETES NIÑAS,J10060502 - ACCESORIOS DE MUÑECAS,J1006050204 - OTROS ACCESORIOS,4006592692902,43324541,ART Y FUN PACK X8 CON ACCESORIOS,ART  Y F,171,San Hilarion,Zona C,2060076804-3,2060076804,3,"59,70","50,58"
2026-03-29,J1006 - JUGUETERIA,J100605 - JUGUETES NIÑAS,J10060502 - ACCESORIOS DE MUÑECAS,J1006050204 - OTROS ACCESORIOS,4006592692902,43324541,ART Y FUN PACK X8 CON ACCESORIOS,ART  Y F,310,Chiclayo 1,Zona C,2060076804-3,2060076804,1,"19,90","16,86"
2026-03-29,J1006 - JUGUETERIA,J100605 - JUGUETES NIÑAS,J10060502 - ACCESORIOS DE MUÑECAS,J1006050204 - OTROS ACCESORIOS,4006592692902,43324541,ART Y FUN PACK X8 CON ACCESORIOS,ART  Y F,156,Los Olivos,Zona C,2060076804-3,2060076804,1,"19,90","16,86"
2026-03-29,J1006 - JUGUETERIA,J100605 - JUGUETES NIÑAS,J10060503 - SET DE NIÑAS,J1006050302 - SET DE BELLEZA,2000436362787,43636278,CARTERA FASHION BARBIE,CARTERITAS,124,Jockey Plaza,Zona A,2060076804-3,2060076804,1,"11,96","10,14"
2026-03-29,J1006 - JUGUETERIA,J100605 - JUGUETES NIÑAS,J10060503 - SET DE NIÑAS,J1006050302 - SET DE BELLEZA,4893825024452,41862218,CARTERA METALICA MINNIE,MIN,350,Sullana,Zona C,2060076804-3,2060076804,1,"9,90","8,39"
2026-03-29,J1006 - JUGUETERIA,J100605 - JUGUETES NIÑAS,J10060503 - SET DE NIÑAS,J1006050302 - SET DE BELLEZA,4893825032358,43497634,BARBIE FASHION SET 3 EN 1,BBI,373,HB Chincha,Zona HB,2060076804-3,2060076804,1,"29,90","25,34"
2026-03-29,J1006 - JUGUETERIA,J100605 - JUGUETES NIÑAS,J10060504 - OTROS JUGUETES NIÑAS,J1006050401 - MANUALIDADES DE NIÑAS,4006592088620,43633070,TERMOADHESIVO X 5000 PCS INCL ACCES,ART  Y F,190,Dominicos,Zona D,2060076804-3,2060076804,1,"42,90","36,36"
2026-03-29,J1006 - JUGUETERIA,J100605 - JUGUETES NIÑAS,J10060504 - OTROS JUGUETES NIÑAS,J1006050401 - MANUALIDADES DE NIÑAS,4006592088620,43633070,TERMOADHESIVO X 5000 PCS INCL ACCES,ART  Y F,356,Chepen,Zona E,2060076804-3,2060076804,1,"42,90","36,36"
2026-03-29,J1006 - JUGUETERIA,J100605 - JUGUETES NIÑAS,J10060504 - OTROS JUGUETES NIÑAS,J1006050401 - MANUALIDADES DE NIÑAS,4006592088620,43633070,TERMOADHESIVO X 5000 PCS INCL ACCES,ART  Y F,122,La Fontana,Zona A,2060076804-3,2060076804,1,"42,90","36,36"
2026-03-29,J1006 - JUGUETERIA,J100606 - JUGUETES NIÑOS,J10060602 - ARMAS,J1006060202 - SET DE PISTOLAS,729747624903,43601789,DART ZONE BLASTER MOTORIZADO VULCANATOR,DARTZONE,371,Piura Maestro,Zona C,2060076804-3,2060076804,1,"89,90","76,19"
2026-03-29,J1006 - JUGUETERIA,J100606 - JUGUETES NIÑOS,J10060602 - ARMAS,J1006060202 - SET DE PISTOLAS,729747624903,43601789,DART ZONE BLASTER MOTORIZADO VULCANATOR,DARTZONE,194,MP Comas,Zona C,2060076804-3,2060076804,-1,"-89,90","-76,19"
2026-03-29,J1006 - JUGUETERIA,J100606 - JUGUETES NIÑOS,J10060602 - ARMAS,J1006060202 - SET DE PISTOLAS,729747624903,43601789,DART ZONE BLASTER MOTORIZADO VULCANATOR,DARTZONE,350,Sullana,Zona C,2060076804-3,2060076804,1,"89,90","76,19"
2026-03-29,J1006 - JUGUETERIA,J100606 - JUGUETES NIÑOS,J10060602 - ARMAS,J1006060202 - SET DE PISTOLAS,729747638818,43552670,DZ MAGNUM BLASTER SUPER TAMBOR,DART ZONE,315,Piura,Zona C,2060076804-3,2060076804,1,"79,90","67,71"
2026-03-29,J1006 - JUGUETERIA,J100606 - JUGUETES NIÑOS,J10060602 - ARMAS,J1006060202 - SET DE PISTOLAS,729747883003,43601787,HYDRO STRIKE STRATOS PRO,DARTZONE,171,San Hilarion,Zona C,2060076804-3,2060076804,1,"94,05","79,70"
2026-03-29,J1006 - JUGUETERIA,J100606 - JUGUETES NIÑOS,J10060603 - MUÑECOS DE ACCION,J1006060301 - FIGURAS DE ACCION,5050835008547,43536193,STRETCHERZ PATRULLA DINO ELASTICO,STRETCHERZ,371,Piura Maestro,Zona C,2060076804-3,2060076804,1,"19,90","16,86"
2026-03-29,J1006 - JUGUETERIA,J100606 - JUGUETES NIÑOS,J10060603 - MUÑECOS DE ACCION,J1006060301 - FIGURAS DE ACCION,5050835008547,43536193,STRETCHERZ PATRULLA DINO ELASTICO,STRETCHERZ,334,HB Huacho,Zona HB,2060076804-3,2060076804,1,"19,90","16,86"
2026-03-29,J1006 - JUGUETERIA,J100606 - JUGUETES NIÑOS,J10060603 - MUÑECOS DE ACCION,J1006060301 - FIGURAS DE ACCION,5050835009346,43536196,STRETCHERZ PATRULLA XXL ELASTICA,STRETCHERZ,338,Arequipa Parra,Zona A,2060076804-3,2060076804,1,"49,90","42,29"
2026-03-29,J1006 - JUGUETERIA,J100606 - JUGUETES NIÑOS,J10060603 - MUÑECOS DE ACCION,J1006060301 - FIGURAS DE ACCION,5050835105345,43536195,STRETCHERZ DEFORMABLES,STRETCHERZ,115,El Agustino,Zona E,2060076804-3,2060076804,1,"17,90","15,17"
2026-03-29,J1006 - JUGUETERIA,J100606 - JUGUETES NIÑOS,J10060604 - PISTAS,J1006060402 - PISTAS FRICCION,5050841708615,43102223,TEAMSTERZ PLAYSET RESCATE EN EL MAR,TST,379,HB Ica La Tinguina,Zona HB,2060076804-3,2060076804,2,"39,80","33,72"
2026-03-29,J1006 - JUGUETERIA,J100606 - JUGUETES NIÑOS,J10060604 - PISTAS,J1006060402 - PISTAS FRICCION,5050841708615,43102223,TEAMSTERZ PLAYSET RESCATE EN EL MAR,TST,473,HB La Merced,Zona HB,2060076804-3,2060076804,1,"19,90","19,90"
2026-03-29,J1006 - JUGUETERIA,J100606 - JUGUETES NIÑOS,J10060605 - VEHICULOS BASICOS,J1006060501 - DIE CAST,90159155263,43601781,1:64 MUSCLE MACHINES AUTOS SURTIDOS,MUSCLE MAC,115,El Agustino,Zona E,2060076804-3,2060076804,1,"19,90","16,86"
2026-03-29,J1006 - JUGUETERIA,J100606 - JUGUETES NIÑOS,J10060605 - VEHICULOS BASICOS,J1006060501 - DIE CAST,90159155263,43601781,1:64 MUSCLE MACHINES AUTOS SURTIDOS,MUSCLE MAC,314,Trujillo 2,Zona B,2060076804-3,2060076804,1,"19,90","16,86"
2026-03-29,J1006 - JUGUETERIA,J100606 - JUGUETES NIÑOS,J10060605 - VEHICULOS BASICOS,J1006060501 - DIE CAST,4893825027293,42512457,HOT WHEELS CAR CASE MULTIMODULAR 18 PCS,HOW,119,Pachacutec,Zona E,2060076804-3,2060076804,1,"49,90","42,29"
2026-03-29,J1006 - JUGUETERIA,J100606 - JUGUETES NIÑOS,J10060605 - VEHICULOS BASICOS,J1006060501 - DIE CAST,4893825030736,43331019,HOT WHEELS ESTUCHE PLASTICO 15 AUTOS,HOW,315,Piura,Zona C,2060076804-3,2060076804,1,"27,90","23,64"
2026-03-29,J1006 - JUGUETERIA,J100606 - JUGUETES NIÑOS,J10060605 - VEHICULOS BASICOS,J1006060501 - DIE CAST,4893825030736,43331019,HOT WHEELS ESTUCHE PLASTICO 15 AUTOS,HOW,117,Canta Callao,Zona C,2060076804-3,2060076804,1,"27,90","23,64"
2026-03-29,J1006 - JUGUETERIA,J100606 - JUGUETES NIÑOS,J10060605 - VEHICULOS BASICOS,J1006060501 - DIE CAST,5050837361510,42887776,TEAMSTERZ PLAYSET GRANDES CONSTRUCCIONES,TST,171,San Hilarion,Zona C,2060076804-3,2060076804,1,"19,90","16,86"
2026-03-29,J1006 - JUGUETERIA,J100606 - JUGUETES NIÑOS,J10060605 - VEHICULOS BASICOS,J1006060501 - DIE CAST,5050841621112,42382272,TEAMSTERZ AUTOS DE METAL 3PULG BLISTX2,TST,452,HB Moyobamba,Zona HB,2060076804-3,2060076804,3,"41,40","41,40"
2026-03-29,J1006 - JUGUETERIA,J100606 - JUGUETES NIÑOS,J10060605 - VEHICULOS BASICOS,J1006060501 - DIE CAST,5050841621112,42382272,TEAMSTERZ AUTOS DE METAL 3PULG BLISTX2,TST,124,Jockey Plaza,Zona A,2060076804-3,2060076804,1,"13,80","11,69"
2026-03-29,J1006 - JUGUETERIA,J100606 - JUGUETES NIÑOS,J10060605 - VEHICULOS BASICOS,J1006060501 - DIE CAST,5050841621112,42382272,TEAMSTERZ AUTOS DE METAL 3PULG BLISTX2,TST,171,San Hilarion,Zona C,2060076804-3,2060076804,2,"27,60","23,38"
2026-03-29,J1006 - JUGUETERIA,J100606 - JUGUETES NIÑOS,J10060605 - VEHICULOS BASICOS,J1006060501 - DIE CAST,5050841621211,42887777,TEAMSTERZ AUTO DE METAL 3 PACK DE 5,TST,333,HB Trujillo Union,Zona HB,2060076804-3,2060076804,0,"0,00","0,00"
2026-03-29,J1006 - JUGUETERIA,J100606 - JUGUETES NIÑOS,J10060605 - VEHICULOS BASICOS,J1006060501 - DIE CAST,5050841622812,41883664,TEAMSTERZ AUTOS DE METAL BASICOS EN BLISTER,TST,116,Lima Centro,Zona D,2060076804-3,2060076804,2,"11,80","10,00"
2026-03-29,J1006 - JUGUETERIA,J100606 - JUGUETES NIÑOS,J10060605 - VEHICULOS BASICOS,J1006060501 - DIE CAST,5050841622812,41883664,TEAMSTERZ AUTOS DE METAL BASICOS EN BLISTER,TST,119,Pachacutec,Zona E,2060076804-3,2060076804,1,"5,90","5,00"
2026-03-29,J1006 - JUGUETERIA,J100606 - JUGUETES NIÑOS,J10060605 - VEHICULOS BASICOS,J1006060501 - DIE CAST,5050841622812,41883664,TEAMSTERZ AUTOS DE METAL BASICOS EN BLISTER,TST,352,Pacasmayo,Zona E,2060076804-3,2060076804,2,"11,80","10,00"
2026-03-29,J1006 - JUGUETERIA,J100606 - JUGUETES NIÑOS,J10060605 - VEHICULOS BASICOS,J1006060501 - DIE CAST,5050841622812,41883664,TEAMSTERZ AUTOS DE METAL BASICOS EN BLISTER,TST,319,HB Trujillo Pierola,Zona HB,2060076804-3,2060076804,1,"5,90","5,00"
2026-03-29,J1006 - JUGUETERIA,J100606 - JUGUETES NIÑOS,J10060605 - VEHICULOS BASICOS,J1006060501 - DIE CAST,5050841622812,41883664,TEAMSTERZ AUTOS DE METAL BASICOS EN BLISTER,TST,470,HB Iquitos La Marina,Zona HB,2060076804-3,2060076804,3,"17,70","17,70"
2026-03-29,J1006 - JUGUETERIA,J100606 - JUGUETES NIÑOS,J10060605 - VEHICULOS BASICOS,J1006060501 - DIE CAST,5050841622812,41883664,TEAMSTERZ AUTOS DE METAL BASICOS EN BLISTER,TST,313,Ica,Zona D,2060076804-3,2060076804,9,"53,10","45,00"
2026-03-29,J1006 - JUGUETERIA,J100606 - JUGUETES NIÑOS,J10060605 - VEHICULOS BASICOS,J1006060501 - DIE CAST,5050841622812,41883664,TEAMSTERZ AUTOS DE METAL BASICOS EN BLISTER,TST,194,MP Comas,Zona C,2060076804-3,2060076804,1,"5,90","5,00"
2026-03-29,J1006 - JUGUETERIA,J100606 - JUGUETES NIÑOS,J10060605 - VEHICULOS BASICOS,J1006060501 - DIE CAST,5050841622812,41883664,TEAMSTERZ AUTOS DE METAL BASICOS EN BLISTER,TST,173,HB Guardia Civil,Zona HB,2060076804-3,2060076804,1,"5,90","5,00"
2026-03-29,J1006 - JUGUETERIA,J100606 - JUGUETES NIÑOS,J10060605 - VEHICULOS BASICOS,J1006060501 - DIE CAST,5050841622812,41883664,TEAMSTERZ AUTOS DE METAL BASICOS EN BLISTER,TST,157,Av. Central,Zona D,2060076804-3,2060076804,4,"23,60","20,00"
2026-03-29,J1006 - JUGUETERIA,J100606 - JUGUETES NIÑOS,J10060605 - VEHICULOS BASICOS,J1006060501 - DIE CAST,5050841622812,41883664,TEAMSTERZ AUTOS DE METAL BASICOS EN BLISTER,TST,371,Piura Maestro,Zona C,2060076804-3,2060076804,1,"5,90","5,00"
2026-03-29,J1006 - JUGUETERIA,J100606 - JUGUETES NIÑOS,J10060605 - VEHICULOS BASICOS,J1006060501 - DIE CAST,5050841622812,41883664,TEAMSTERZ AUTOS DE METAL BASICOS EN BLISTER,TST,155,Santa Anita,Zona B,2060076804-3,2060076804,1,"5,90","5,00"
2026-03-29,J1006 - JUGUETERIA,J100606 - JUGUETES NIÑOS,J10060605 - VEHICULOS BASICOS,J1006060501 - DIE CAST,5050841727111,42512470,TEAMSTERZ DISPARADOR DINO Y 1 AUTO,TST,470,HB Iquitos La Marina,Zona HB,2060076804-3,2060076804,1,"29,90","29,90"
2026-03-29,J1006 - JUGUETERIA,J100606 - JUGUETES NIÑOS,J10060605 - VEHICULOS BASICOS,J1006060501 - DIE CAST,5050841729412,42512466,TEAMSTERZ AUTO QUE CAMBIA DE COLOR,TST,318,HB Chiclayo Belaunde Lora,Zona HB,2060076804-3,2060076804,4,"39,60","33,56"
2026-03-29,J1006 - JUGUETERIA,J100606 - JUGUETES NIÑOS,J10060605 - VEHICULOS BASICOS,J1006060501 - DIE CAST,5050841743210,42887778,TMZ BEAST MACHINES DIECAST BLISTER X 1,TST,178,HB Dueñas,Zona HB,2060076804-3,2060076804,1,"7,90","6,69"
2026-03-29,J1006 - JUGUETERIA,J100606 - JUGUETES NIÑOS,J10060605 - VEHICULOS BASICOS,J1006060501 - DIE CAST,5050841743418,42887779,TMZ BEAST MACHINES DIECAST PACK X 5,TST,451,HTO Huanuco,Zona E,2060076804-3,2060076804,0,"0,00","0,00"
2026-03-29,J1006 - JUGUETERIA,J100606 - JUGUETES NIÑOS,J10060605 - VEHICULOS BASICOS,J1006060501 - DIE CAST,5050841754513,43102224,TMZ BEAST MACHINE AUTOS METAL PACK 3 AUT,TST,314,Trujillo 2,Zona B,2060076804-3,2060076804,1,"15,00","12,71"
2026-03-29,J1006 - JUGUETERIA,J100606 - JUGUETES NIÑOS,J10060605 - VEHICULOS BASICOS,J1006060501 - DIE CAST,5050841754513,43102224,TMZ BEAST MACHINE AUTOS METAL PACK 3 AUT,TST,358,Cajamarca,Zona E,2060076804-3,2060076804,2,"30,00","25,42"
2026-03-29,J1006 - JUGUETERIA,J100606 - JUGUETES NIÑOS,J10060605 - VEHICULOS BASICOS,J1006060501 - DIE CAST,5050841755510,43342633,TMZ BEAST MACHINES LANZADOR TIBURION,TST,318,HB Chiclayo Belaunde Lora,Zona HB,2060076804-3,2060076804,1,"27,90","23,64"
2026-03-29,J1006 - JUGUETERIA,J100606 - JUGUETES NIÑOS,J10060605 - VEHICULOS BASICOS,J1006060501 - DIE CAST,5050841762716,43342629,TMZ BEAST MACH MONSTER JAWS A FRICCION,TST,314,Trujillo 2,Zona B,2060076804-3,2060076804,1,"14,90","12,63"
2026-03-29,J1006 - JUGUETERIA,J100606 - JUGUETES NIÑOS,J10060607 - SET DE NIÑOS,J1006060708 - OTROS SETS,4893825032402,43497633,HOT WHEELS POWER SET 3 EN 1,HOW,174,HB Ventanilla Pachacutec,Zona HB,2060076804-3,2060076804,1,"29,90","25,34"
2026-03-29,J1006 - JUGUETERIA,J100606 - JUGUETES NIÑOS,J10060608 - OTROS JUGUETES NIÑOS,J1006060802 - OTROS JUGUETES NIÑOS,4893825016037,41347885,LATA PARA 18 AUTOS HOT WHEELS,HOW,110,Huaylas,Zona B,2060076804-3,2060076804,1,"37,90","32,12"
2026-03-29,J1006 - JUGUETERIA,J100606 - JUGUETES NIÑOS,J10060608 - OTROS JUGUETES NIÑOS,J1006060802 - OTROS JUGUETES NIÑOS,6911400356298,42152697,INFINITY NADO TROMPO DE BATALLA METAL ANILLO,INFINITO,171,San Hilarion,Zona C,2060076804-3,2060076804,1,"49,90","42,29"
2026-03-29,J1006 - JUGUETERIA,J100606 - JUGUETES NIÑOS,J10060608 - OTROS JUGUETES NIÑOS,J1006060802 - OTROS JUGUETES NIÑOS,6911400357172,42461188,INFINITY NADO SET BATALLA Y2 TROMP METAL,INFINIT,115,El Agustino,Zona E,2060076804-3,2060076804,1,"99,00","83,90"
2026-03-29,J1006 - JUGUETERIA,J100606 - JUGUETES NIÑOS,J10060608 - OTROS JUGUETES NIÑOS,J1006060802 - OTROS JUGUETES NIÑOS,6911400366112,42152696,INFINITY NADO TROMPO DE BATALLA METAL EN CAJA,INFINITO,352,Pacasmayo,Zona E,2060076804-3,2060076804,1,"27,90","23,64"
2026-03-29,J1006 - JUGUETERIA,J100606 - JUGUETES NIÑOS,J10060608 - OTROS JUGUETES NIÑOS,J1006060802 - OTROS JUGUETES NIÑOS,6911400366112,42152696,INFINITY NADO TROMPO DE BATALLA METAL EN CAJA,INFINITO,391,HB Ferrenafe,Zona HB,2060076804-3,2060076804,1,"27,90","23,64"
2026-03-29,J1006 - JUGUETERIA,J100606 - JUGUETES NIÑOS,J10060608 - OTROS JUGUETES NIÑOS,J1006060802 - OTROS JUGUETES NIÑOS,6911400366112,42152696,INFINITY NADO TROMPO DE BATALLA METAL EN CAJA,INFINITO,334,HB Huacho,Zona HB,2060076804-3,2060076804,1,"27,90","23,64"
2026-03-29,J1006 - JUGUETERIA,J100606 - JUGUETES NIÑOS,J10060608 - OTROS JUGUETES NIÑOS,J1006060802 - OTROS JUGUETES NIÑOS,6911400366112,42152696,INFINITY NADO TROMPO DE BATALLA METAL EN CAJA,INFINITO,313,Ica,Zona D,2060076804-3,2060076804,1,"27,90","23,64"
2026-03-29,J1006 - JUGUETERIA,J100606 - JUGUETES NIÑOS,J10060608 - OTROS JUGUETES NIÑOS,J1006060802 - OTROS JUGUETES NIÑOS,6911400366112,42152696,INFINITY NADO TROMPO DE BATALLA METAL EN CAJA,INFINITO,316,Arequipa Porongoche,Zona A,2060076804-3,2060076804,1,"27,90","23,64"
2026-03-29,J1006 - JUGUETERIA,J100606 - JUGUETES NIÑOS,J10060608 - OTROS JUGUETES NIÑOS,J1006060802 - OTROS JUGUETES NIÑOS,6911400366112,42152696,INFINITY NADO TROMPO DE BATALLA METAL EN CAJA,INFINITO,194,MP Comas,Zona C,2060076804-3,2060076804,1,"27,90","23,64"
2026-03-29,J1006 - JUGUETERIA,J100606 - JUGUETES NIÑOS,J10060608 - OTROS JUGUETES NIÑOS,J1006060802 - OTROS JUGUETES NIÑOS,6911400366112,42152696,INFINITY NADO TROMPO DE BATALLA METAL EN CAJA,INFINITO,350,Sullana,Zona C,2060076804-3,2060076804,1,"27,90","23,64"
2026-03-29,J1006 - JUGUETERIA,J100606 - JUGUETES NIÑOS,J10060608 - OTROS JUGUETES NIÑOS,J1006060802 - OTROS JUGUETES NIÑOS,6911400424980,43102233,INFINITY NADO SERIE 6 STARTER PACK,INFINIT,105,La Marina,Zona A,2060076804-3,2060076804,1,"69,90","59,24"
2026-03-29,J1006 - JUGUETERIA,J100606 - JUGUETES NIÑOS,J10060608 - OTROS JUGUETES NIÑOS,J1006060802 - OTROS JUGUETES NIÑOS,6911400438796,42152695,INFINITY NADO TROMPO DE BATALLA PLASTICO,INFINITO,316,Arequipa Porongoche,Zona A,2060076804-3,2060076804,7,"104,30","88,41"
2026-03-29,J1006 - JUGUETERIA,J100606 - JUGUETES NIÑOS,J10060608 - OTROS JUGUETES NIÑOS,J1006060802 - OTROS JUGUETES NIÑOS,6911400438796,42152695,INFINITY NADO TROMPO DE BATALLA PLASTICO,INFINITO,155,Santa Anita,Zona B,2060076804-3,2060076804,1,"14,90","12,63"
2026-03-29,J1006 - JUGUETERIA,J100606 - JUGUETES NIÑOS,J10060608 - OTROS JUGUETES NIÑOS,J1006060802 - OTROS JUGUETES NIÑOS,6911400438796,42152695,INFINITY NADO TROMPO DE BATALLA PLASTICO,INFINITO,350,Sullana,Zona C,2060076804-3,2060076804,1,"14,90","12,63"
2026-03-29,J1006 - JUGUETERIA,J100606 - JUGUETES NIÑOS,J10060608 - OTROS JUGUETES NIÑOS,J1006060802 - OTROS JUGUETES NIÑOS,6911400438796,42152695,INFINITY NADO TROMPO DE BATALLA PLASTICO,INFINITO,357,Cusco La Cultura,Zona B,2060076804-3,2060076804,1,"14,90","12,63"
2026-03-29,J1006 - JUGUETERIA,J100606 - JUGUETES NIÑOS,J10060608 - OTROS JUGUETES NIÑOS,J1006060802 - OTROS JUGUETES NIÑOS,6911400438796,42152695,INFINITY NADO TROMPO DE BATALLA PLASTICO,INFINITO,194,MP Comas,Zona C,2060076804-3,2060076804,1,"14,90","12,63"
2026-03-29,J1006 - JUGUETERIA,J100606 - JUGUETES NIÑOS,J10060608 - OTROS JUGUETES NIÑOS,J1006060802 - OTROS JUGUETES NIÑOS,6911400438796,42152695,INFINITY NADO TROMPO DE BATALLA PLASTICO,INFINITO,319,HB Trujillo Pierola,Zona HB,2060076804-3,2060076804,2,"29,80","25,26"
2026-03-29,J1006 - JUGUETERIA,J100606 - JUGUETES NIÑOS,J10060608 - OTROS JUGUETES NIÑOS,J1006060802 - OTROS JUGUETES NIÑOS,8711808307216,43342644,MANDIBULAS JUEGO DE PESCA,GOLIATH,171,San Hilarion,Zona C,2060076804-3,2060076804,1,"79,90","67,71"
2026-03-29,J1006 - JUGUETERIA,J100607 - JUGUETES PRIMERA EDAD,J10060702 - JUGUETES PRE-ESCOLARES,J1006070204 - MOLDEABLES/ SET MOLDEABLES,4006592067113,43392669,ART FUN BALDE X5 Y ACCES,ART  Y F,450,HTO Pucallpa,Zona C,2060076804-3,2060076804,1,"22,90","22,90"
2026-03-29,J1006 - JUGUETERIA,J100607 - JUGUETES PRIMERA EDAD,J10060702 - JUGUETES PRE-ESCOLARES,J1006070204 - MOLDEABLES/ SET MOLDEABLES,4006592067113,43392669,ART FUN BALDE X5 Y ACCES,ART  Y F,171,San Hilarion,Zona C,2060076804-3,2060076804,2,"45,80","38,82"
2026-03-29,J1006 - JUGUETERIA,J100607 - JUGUETES PRIMERA EDAD,J10060702 - JUGUETES PRE-ESCOLARES,J1006070204 - MOLDEABLES/ SET MOLDEABLES,4006592086176,43633065,ART Y FUN SET DE ARENA UNICOR Y ACCES,ART  Y F,118,Bellavista,Zona B,2060076804-3,2060076804,1,"39,90","33,81"
2026-03-29,J1006 - JUGUETERIA,J100607 - JUGUETES PRIMERA EDAD,J10060702 - JUGUETES PRE-ESCOLARES,J1006070204 - MOLDEABLES/ SET MOLDEABLES,4006592086176,43633065,ART Y FUN SET DE ARENA UNICOR Y ACCES,ART  Y F,175,Lima Sur,Zona B,2060076804-3,2060076804,1,"39,90","33,81"
2026-03-29,J1006 - JUGUETERIA,J100607 - JUGUETES PRIMERA EDAD,J10060702 - JUGUETES PRE-ESCOLARES,J1006070204 - MOLDEABLES/ SET MOLDEABLES,4006592086275,43474687,ART FUN MEGA SET DE MASA X 55 PZAS,ART  Y F,114,San Luis,Zona A,2060076804-3,2060076804,1,"59,90","50,76"
2026-03-29,J1006 - JUGUETERIA,J100607 - JUGUETES PRIMERA EDAD,J10060702 - JUGUETES PRE-ESCOLARES,J1006070204 - MOLDEABLES/ SET MOLDEABLES,4006592606428,43392672,ART FUN MASA MOLDEABLE PACK 4 X 140 GR,ART  Y F,310,Chiclayo 1,Zona C,2060076804-3,2060076804,2,"25,80","21,86"
2026-03-29,J1006 - JUGUETERIA,J100607 - JUGUETES PRIMERA EDAD,J10060702 - JUGUETES PRE-ESCOLARES,J1006070204 - MOLDEABLES/ SET MOLDEABLES,4006592606428,43392672,ART FUN MASA MOLDEABLE PACK 4 X 140 GR,ART  Y F,336,Chiclayo San Jose,Zona C,2060076804-3,2060076804,2,"25,80","21,86"
2026-03-29,J1006 - JUGUETERIA,J100607 - JUGUETES PRIMERA EDAD,J10060702 - JUGUETES PRE-ESCOLARES,J1006070204 - MOLDEABLES/ SET MOLDEABLES,4006592606428,43392672,ART FUN MASA MOLDEABLE PACK 4 X 140 GR,ART  Y F,171,San Hilarion,Zona C,2060076804-3,2060076804,4,"51,60","43,72"
2026-03-29,J1006 - JUGUETERIA,J100607 - JUGUETES PRIMERA EDAD,J10060702 - JUGUETES PRE-ESCOLARES,J1006070204 - MOLDEABLES/ SET MOLDEABLES,4006592622640,43392671,ART FUN MASA MOLDEABLE BONUS PACK,ART  Y F,316,Arequipa Porongoche,Zona A,2060076804-3,2060076804,2,"31,80","26,94"
2026-03-29,J1006 - JUGUETERIA,J100607 - JUGUETES PRIMERA EDAD,J10060702 - JUGUETES PRE-ESCOLARES,J1006070204 - MOLDEABLES/ SET MOLDEABLES,4006592622640,43392671,ART FUN MASA MOLDEABLE BONUS PACK,ART  Y F,155,Santa Anita,Zona B,2060076804-3,2060076804,2,"31,80","26,94"
2026-03-29,J1006 - JUGUETERIA,J100607 - JUGUETES PRIMERA EDAD,J10060702 - JUGUETES PRE-ESCOLARES,J1006070204 - MOLDEABLES/ SET MOLDEABLES,4006592622640,43392671,ART FUN MASA MOLDEABLE BONUS PACK,ART  Y F,157,Av. Central,Zona D,2060076804-3,2060076804,4,"63,60","53,88"
2026-03-29,J1006 - JUGUETERIA,J100607 - JUGUETES PRIMERA EDAD,J10060702 - JUGUETES PRE-ESCOLARES,J1006070204 - MOLDEABLES/ SET MOLDEABLES,4006592622640,43392671,ART FUN MASA MOLDEABLE BONUS PACK,ART  Y F,119,Pachacutec,Zona E,2060076804-3,2060076804,1,"15,90","13,47"
2026-03-29,J1006 - JUGUETERIA,J100605 - JUGUETES NIÑAS,J10060501 - MUÑECAS,J1006050103 - MUÑECA,4006592073503,43392655,MUNECA EVI LOVE TIENDITA DE FRUTAS,EVI LOVE,350,Sullana,Zona C,2060076804-3,2060076804,0,"0,00","0,00"
2026-03-29,J1006 - JUGUETERIA,J100605 - JUGUETES NIÑAS,J10060501 - MUÑECAS,J1006050103 - MUÑECA,4006592579883,43392659,MUNECA EVI LOVE TIEMPO DE VERANO SURT,EVI LOVE,317,Arequipa Cayma,Zona A,2060076804-3,2060076804,1,"12,90","10,93"
2026-03-29,J1006 - JUGUETERIA,J100605 - JUGUETES NIÑAS,J10060501 - MUÑECAS,J1006050103 - MUÑECA,4052351032007,43392656,MUNECA EVI LOVE CON MOTO Y COCHE YMASCOT,EVI LOVE,350,Sullana,Zona C,2060076804-3,2060076804,1,"39,90","33,81"
2026-03-29,J1006 - JUGUETERIA,J100605 - JUGUETES NIÑAS,J10060501 - MUÑECAS,J1006050103 - MUÑECA,4052351032007,43392656,MUNECA EVI LOVE CON MOTO Y COCHE YMASCOT,EVI LOVE,194,MP Comas,Zona C,2060076804-3,2060076804,1,"39,90","33,81"
2026-03-29,J1006 - JUGUETERIA,J100605 - JUGUETES NIÑAS,J10060501 - MUÑECAS,J1006050103 - MUÑECA,8056379142461,43342626,PINYPON AUTO DEPORT Y SCOOTER INCL FIGURA,PINYPON,375,Huancayo,Zona E,2060076804-3,2060076804,1,"69,90","59,24"
2026-03-29,J1006 - JUGUETERIA,J100605 - JUGUETES NIÑAS,J10060501 - MUÑECAS,J1006050103 - MUÑECA,8056379142461,43342626,PINYPON AUTO DEPORT Y SCOOTER INCL FIGURA,PINYPON,117,Canta Callao,Zona C,2060076804-3,2060076804,1,"69,90","59,24"
2026-03-29,J1006 - JUGUETERIA,J100605 - JUGUETES NIÑAS,J10060501 - MUÑECAS,J1006050103 - MUÑECA,8056379142812,43324538,PINYPON FIGURAS BASICAS SERIE 13 DISP 56,PINYPON,471,HB Iquitos Alfonso Ugarte,Zona HB,2060076804-3,2060076804,1,"14,90","14,90"
2026-03-29,J1006 - JUGUETERIA,J100605 - JUGUETES NIÑAS,J10060501 - MUÑECAS,J1006050103 - MUÑECA,8056379162810,43410217,PINYPON TENEBROSA SERIE 14 CDU 24X2,PINYPON,451,HTO Huanuco,Zona E,2060076804-3,2060076804,1,"14,90","14,90"
2026-03-29,J1006 - JUGUETERIA,J100605 - JUGUETES NIÑAS,J10060501 - MUÑECAS,J1006050103 - MUÑECA,8056379162810,43410217,PINYPON TENEBROSA SERIE 14 CDU 24X2,PINYPON,120,Puente Piedra,Zona C,2060076804-3,2060076804,1,"14,90","12,63"
2026-03-29,J1006 - JUGUETERIA,J100605 - JUGUETES NIÑAS,J10060501 - MUÑECAS,J1006050103 - MUÑECA,8056379162810,43410217,PINYPON TENEBROSA SERIE 14 CDU 24X2,PINYPON,114,San Luis,Zona A,2060076804-3,2060076804,1,"14,90","12,63"
2026-03-29,J1006 - JUGUETERIA,J100605 - JUGUETES NIÑAS,J10060501 - MUÑECAS,J1006050103 - MUÑECA,8410779076335,43410215,PINYPON REINAS CDU,PINYPON,350,Sullana,Zona C,2060076804-3,2060076804,2,"19,80","16,78"
2026-03-29,J1006 - JUGUETERIA,J100605 - JUGUETES NIÑAS,J10060501 - MUÑECAS,J1006050103 - MUÑECA,8410779076335,43410215,PINYPON REINAS CDU,PINYPON,157,Av. Central,Zona D,2060076804-3,2060076804,1,"9,90","8,39"
2026-03-29,J1006 - JUGUETERIA,J100605 - JUGUETES NIÑAS,J10060501 - MUÑECAS,J1006050104 - MUÑECA CON ACCESORIOS,4006592086763,43331015,EVI LOVE SAFARI Y VEHIC Y 2 BB ANIMAL,EV,194,MP Comas,Zona C,2060076804-3,2060076804,1,"59,90","50,76"
2026-03-29,J1006 - JUGUETERIA,J100605 - JUGUETES NIÑAS,J10060501 - MUÑECAS,J1006050104 - MUÑECA CON ACCESORIOS,4006592538477,43212180,MUNECA EVILOVE CAMAROTE Y 2 MUNECAS,EVI LOVE,335,Chimbote,Zona B,2060076804-3,2060076804,1,"49,90","42,29"
2026-03-29,J1006 - JUGUETERIA,J100605 - JUGUETES NIÑAS,J10060501 - MUÑECAS,J1006050104 - MUÑECA CON ACCESORIOS,4006592538477,43212180,MUNECA EVILOVE CAMAROTE Y 2 MUNECAS,EVI LOVE,193,Puruchuco,Zona B,2060076804-3,2060076804,1,"49,90","42,29"
2026-03-29,J1006 - JUGUETERIA,J100605 - JUGUETES NIÑAS,J10060501 - MUÑECAS,J1006050104 - MUÑECA CON ACCESORIOS,4052351019497,43331014,EVI LOVE SET CUIDADO PERRITOS Y ACC,EV,356,Chepen,Zona E,2060076804-3,2060076804,5,"74,50","63,15"
2026-03-29,J1006 - JUGUETERIA,J100605 - JUGUETES NIÑAS,J10060501 - MUÑECAS,J1006050104 - MUÑECA CON ACCESORIOS,4052351030478,43331011,EVI LOVE CON ALPACA,EV,318,HB Chiclayo Belaunde Lora,Zona HB,2060076804-3,2060076804,1,"9,90","8,39"
2026-03-29,J1006 - JUGUETERIA,J100605 - JUGUETES NIÑAS,J10060501 - MUÑECAS,J1006050104 - MUÑECA CON ACCESORIOS,4052351030560,43331013,EVI LOVE CON MAMA Y BB CANGURO Y ACC,EV,115,El Agustino,Zona E,2060076804-3,2060076804,0,"0,00","0,00"
2026-03-29,J1006 - JUGUETERIA,J100605 - JUGUETES NIÑAS,J10060501 - MUÑECAS,J1006050104 - MUÑECA CON ACCESORIOS,4052351030560,43331013,EVI LOVE CON MAMA Y BB CANGURO Y ACC,EV,103,Mega Plaza,Zona B,2060076804-3,2060076804,1,"29,90","25,34"
2026-03-29,J1006 - JUGUETERIA,J100605 - JUGUETES NIÑAS,J10060501 - MUÑECAS,J1006050104 - MUÑECA CON ACCESORIOS,8056379162773,43586309,PINYPON POP DECORA CON ARTE,PINYPON,123,Angamos,Zona A,2060076804-3,2060076804,1,"69,90","59,24"
2026-03-29,J1006 - JUGUETERIA,J100605 - JUGUETES NIÑAS,J10060501 - MUÑECAS,J1006050104 - MUÑECA CON ACCESORIOS,8410779100177,43547577,PINYPON PROFESIONES,PINYPON,371,Piura Maestro,Zona C,2060076804-3,2060076804,1,"22,90","19,41"
2026-03-29,J1006 - JUGUETERIA,J100605 - JUGUETES NIÑAS,J10060501 - MUÑECAS,J1006050107 - OTRAS MUÑECAS,8410779076281,43102221,PINYPON MEJORES AMIGAS,PINYPON,356,Chepen,Zona E,2060076804-3,2060076804,1,"20,00","16,95"
2026-03-29,J1006 - JUGUETERIA,J100605 - JUGUETES NIÑAS,J10060501 - MUÑECAS,J1006050107 - OTRAS MUÑECAS,8410779076281,43102221,PINYPON MEJORES AMIGAS,PINYPON,107,Atocongo,Zona B,2060076804-3,2060076804,2,"40,00","33,90"
2026-03-29,J1006 - JUGUETERIA,J100605 - JUGUETES NIÑAS,J10060501 - MUÑECAS,J1006050107 - OTRAS MUÑECAS,8410779087355,42837189,PINYPON MI MASCOTA Y YO SURT,PINYPON,357,Cusco La Cultura,Zona B,2060076804-3,2060076804,1,"27,90","23,64"
2026-03-29,J1006 - JUGUETERIA,J100605 - JUGUETES NIÑAS,J10060501 - MUÑECAS,J1006050107 - OTRAS MUÑECAS,8410779087355,42837189,PINYPON MI MASCOTA Y YO SURT,PINYPON,316,Arequipa Porongoche,Zona A,2060076804-3,2060076804,1,"27,90","23,64"
2026-03-29,J1006 - JUGUETERIA,J100605 - JUGUETES NIÑAS,J10060501 - MUÑECAS,J1006050107 - OTRAS MUÑECAS,8410779087355,42837189,PINYPON MI MASCOTA Y YO SURT,PINYPON,119,Pachacutec,Zona E,2060076804-3,2060076804,1,"27,90","23,64"
2026-03-29,J1006 - JUGUETERIA,J100605 - JUGUETES NIÑAS,J10060501 - MUÑECAS,J1006050107 - OTRAS MUÑECAS,8410779087355,42837189,PINYPON MI MASCOTA Y YO SURT,PINYPON,319,HB Trujillo Pierola,Zona HB,2060076804-3,2060076804,0,"0,00","0,00"
2026-03-29,J1006 - JUGUETERIA,J100605 - JUGUETES NIÑAS,J10060502 - ACCESORIOS DE MUÑECAS,J1006050204 - OTROS ACCESORIOS,4006592692902,43324541,ART Y FUN PACK X8 CON ACCESORIOS,ART  Y F,105,La Marina,Zona A,2060076804-3,2060076804,2,"39,80","33,72"
2026-03-29,J1006 - JUGUETERIA,J100605 - JUGUETES NIÑAS,J10060503 - SET DE NIÑAS,J1006050302 - SET DE BELLEZA,4893825024452,41862218,CARTERA METALICA MINNIE,MIN,450,HTO Pucallpa,Zona C,2060076804-3,2060076804,2,"19,80","19,80"
2026-03-29,J1006 - JUGUETERIA,J100605 - JUGUETES NIÑAS,J10060503 - SET DE NIÑAS,J1006050302 - SET DE BELLEZA,4893825032358,43497634,BARBIE FASHION SET 3 EN 1,BBI,391,HB Ferrenafe,Zona HB,2060076804-3,2060076804,1,"29,90","25,34"
2026-03-29,J1006 - JUGUETERIA,J100605 - JUGUETES NIÑAS,J10060503 - SET DE NIÑAS,J1006050302 - SET DE BELLEZA,4893825032358,43497634,BARBIE FASHION SET 3 EN 1,BBI,334,HB Huacho,Zona HB,2060076804-3,2060076804,1,"29,90","25,34"
2026-03-29,J1006 - JUGUETERIA,J100605 - JUGUETES NIÑAS,J10060504 - OTROS JUGUETES NIÑAS,J1006050401 - MANUALIDADES DE NIÑAS,4006592088620,43633070,TERMOADHESIVO X 5000 PCS INCL ACCES,ART  Y F,338,Arequipa Parra,Zona A,2060076804-3,2060076804,1,"42,90","36,36"
2026-03-29,J1006 - JUGUETERIA,J100605 - JUGUETES NIÑAS,J10060504 - OTROS JUGUETES NIÑAS,J1006050402 - OTROS JUGUETES NIÑAS,4895247402528,43410212,GLAM BUDDIES BOLSO MASCOTA Y ACCS SURT,PINYPON,117,Canta Callao,Zona C,2060076804-3,2060076804,1,"37,90","32,12"
2026-03-29,J1006 - JUGUETERIA,J100605 - JUGUETES NIÑAS,J10060504 - OTROS JUGUETES NIÑAS,J1006050402 - OTROS JUGUETES NIÑAS,4895247402528,43410212,GLAM BUDDIES BOLSO MASCOTA Y ACCS SURT,PINYPON,123,Angamos,Zona A,2060076804-3,2060076804,1,"37,90","32,12"
2026-03-29,J1006 - JUGUETERIA,J100606 - JUGUETES NIÑOS,J10060603 - MUÑECOS DE ACCION,J1006060301 - FIGURAS DE ACCION,5050835005546,43601785,STRETCHERZ MINI PATRULLA ELASTICA PACK 5,STRETCHERZ,313,Ica,Zona D,2060076804-3,2060076804,1,"29,90","25,34"
2026-03-29,J1006 - JUGUETERIA,J100606 - JUGUETES NIÑOS,J10060603 - MUÑECOS DE ACCION,J1006060301 - FIGURAS DE ACCION,5050835008547,43536193,STRETCHERZ PATRULLA DINO ELASTICO,STRETCHERZ,310,Chiclayo 1,Zona C,2060076804-3,2060076804,1,"19,90","16,86"
2026-03-29,J1006 - JUGUETERIA,J100606 - JUGUETES NIÑOS,J10060603 - MUÑECOS DE ACCION,J1006060301 - FIGURAS DE ACCION,5050835010540,43601784,STRETCHERZ PATRULLA ELECTRO ELASTICO,STRETCHERZ,358,Cajamarca,Zona E,2060076804-3,2060076804,1,"22,90","19,41"
2026-03-29,J1006 - JUGUETERIA,J100606 - JUGUETES NIÑOS,J10060603 - MUÑECOS DE ACCION,J1006060301 - FIGURAS DE ACCION,5050835105345,43536195,STRETCHERZ DEFORMABLES,STRETCHERZ,177,Comandante Espinar,Zona A,2060076804-3,2060076804,1,"17,90","15,17"
2026-03-29,J1006 - JUGUETERIA,J100606 - JUGUETES NIÑOS,J10060603 - MUÑECOS DE ACCION,J1006060301 - FIGURAS DE ACCION,5050837662419,43536192,STRETCHERZ PATRULLA ELASTICA,STRETCHERZ,333,HB Trujillo Union,Zona HB,2060076804-3,2060076804,1,"19,90","16,86"
2026-03-29,J1006 - JUGUETERIA,J100606 - JUGUETES NIÑOS,J10060604 - PISTAS,J1006060402 - PISTAS FRICCION,5050841708615,43102223,TEAMSTERZ PLAYSET RESCATE EN EL MAR,TST,333,HB Trujillo Union,Zona HB,2060076804-3,2060076804,1,"19,90","16,86"
2026-03-29,J1006 - JUGUETERIA,J100606 - JUGUETES NIÑOS,J10060605 - VEHICULOS BASICOS,J1006060501 - DIE CAST,4893825030736,43331019,HOT WHEELS ESTUCHE PLASTICO 15 AUTOS,HOW,313,Ica,Zona D,2060076804-3,2060076804,1,"27,90","23,64"
2026-03-29,J1006 - JUGUETERIA,J100606 - JUGUETES NIÑOS,J10060605 - VEHICULOS BASICOS,J1006060501 - DIE CAST,5050837361510,42887776,TEAMSTERZ PLAYSET GRANDES CONSTRUCCIONES,TST,318,HB Chiclayo Belaunde Lora,Zona HB,2060076804-3,2060076804,2,"39,80","33,72"
2026-03-29,J1006 - JUGUETERIA,J100606 - JUGUETES NIÑOS,J10060605 - VEHICULOS BASICOS,J1006060501 - DIE CAST,5050837361510,42887776,TEAMSTERZ PLAYSET GRANDES CONSTRUCCIONES,TST,314,Trujillo 2,Zona B,2060076804-3,2060076804,3,"59,70","50,58"
2026-03-29,J1006 - JUGUETERIA,J100606 - JUGUETES NIÑOS,J10060605 - VEHICULOS BASICOS,J1006060501 - DIE CAST,5050841621112,42382272,TEAMSTERZ AUTOS DE METAL 3PULG BLISTX2,TST,112,Quilca,Zona D,2060076804-3,2060076804,1,"13,80","11,69"
2026-03-29,J1006 - JUGUETERIA,J100606 - JUGUETES NIÑOS,J10060605 - VEHICULOS BASICOS,J1006060501 - DIE CAST,5050841621112,42382272,TEAMSTERZ AUTOS DE METAL 3PULG BLISTX2,TST,318,HB Chiclayo Belaunde Lora,Zona HB,2060076804-3,2060076804,1,"13,80","11,69"
2026-03-29,J1006 - JUGUETERIA,J100606 - JUGUETES NIÑOS,J10060605 - VEHICULOS BASICOS,J1006060501 - DIE CAST,5050841622812,41883664,TEAMSTERZ AUTOS DE METAL BASICOS EN BLISTER,TST,118,Bellavista,Zona B,2060076804-3,2060076804,1,"5,90","5,00"
2026-03-29,J1006 - JUGUETERIA,J100606 - JUGUETES NIÑOS,J10060605 - VEHICULOS BASICOS,J1006060501 - DIE CAST,5050841622812,41883664,TEAMSTERZ AUTOS DE METAL BASICOS EN BLISTER,TST,156,Los Olivos,Zona C,2060076804-3,2060076804,2,"11,80","10,00"
2026-03-29,J1006 - JUGUETERIA,J100606 - JUGUETES NIÑOS,J10060605 - VEHICULOS BASICOS,J1006060501 - DIE CAST,5050841622812,41883664,TEAMSTERZ AUTOS DE METAL BASICOS EN BLISTER,TST,359,Huaral MP,Zona D,2060076804-3,2060076804,1,"5,90","5,00"
2026-03-29,J1006 - JUGUETERIA,J100606 - JUGUETES NIÑOS,J10060605 - VEHICULOS BASICOS,J1006060501 - DIE CAST,5050841622812,41883664,TEAMSTERZ AUTOS DE METAL BASICOS EN BLISTER,TST,471,HB Iquitos Alfonso Ugarte,Zona HB,2060076804-3,2060076804,1,"5,31","5,31"
2026-03-29,J1006 - JUGUETERIA,J100606 - JUGUETES NIÑOS,J10060605 - VEHICULOS BASICOS,J1006060501 - DIE CAST,5050841622812,41883664,TEAMSTERZ AUTOS DE METAL BASICOS EN BLISTER,TST,452,HB Moyobamba,Zona HB,2060076804-3,2060076804,12,"70,80","70,80"
2026-03-29,J1006 - JUGUETERIA,J100606 - JUGUETES NIÑOS,J10060605 - VEHICULOS BASICOS,J1006060501 - DIE CAST,5050841622812,41883664,TEAMSTERZ AUTOS DE METAL BASICOS EN BLISTER,TST,378,HB Chulucanas,Zona HB,2060076804-3,2060076804,9,"53,10","45,00"
2026-03-29,J1006 - JUGUETERIA,J100606 - JUGUETES NIÑOS,J10060605 - VEHICULOS BASICOS,J1006060501 - DIE CAST,5050841622812,41883664,TEAMSTERZ AUTOS DE METAL BASICOS EN BLISTER,TST,192,HB Panamericana Urbana,Zona HB,2060076804-3,2060076804,1,"5,90","5,00"
2026-03-29,J1006 - JUGUETERIA,J100606 - JUGUETES NIÑOS,J10060605 - VEHICULOS BASICOS,J1006060501 - DIE CAST,5050841622812,41883664,TEAMSTERZ AUTOS DE METAL BASICOS EN BLISTER,TST,332,Chincha,Zona D,2060076804-3,2060076804,2,"11,80","10,00"
2026-03-29,J1006 - JUGUETERIA,J100606 - JUGUETES NIÑOS,J10060605 - VEHICULOS BASICOS,J1006060501 - DIE CAST,5050841644913,43324539,TEAMSTERZ CAMIONES CIUDAD SURTIDOS,TST,110,Huaylas,Zona B,2060076804-3,2060076804,1,"17,90","15,17"
2026-03-29,J1006 - JUGUETERIA,J100606 - JUGUETES NIÑOS,J10060605 - VEHICULOS BASICOS,J1006060501 - DIE CAST,5050841644913,43324539,TEAMSTERZ CAMIONES CIUDAD SURTIDOS,TST,115,El Agustino,Zona E,2060076804-3,2060076804,1,"17,90","15,17"
2026-03-29,J1006 - JUGUETERIA,J100606 - JUGUETES NIÑOS,J10060605 - VEHICULOS BASICOS,J1006060501 - DIE CAST,5050841645019,43324540,TEAMSTERZ CAMIONES EMERGENCIA SURTIDOS,TST,122,La Fontana,Zona A,2060076804-3,2060076804,1,"17,90","15,17"
2026-03-29,J1006 - JUGUETERIA,J100606 - JUGUETES NIÑOS,J10060605 - VEHICULOS BASICOS,J1006060501 - DIE CAST,5050841729412,42512466,TEAMSTERZ AUTO QUE CAMBIA DE COLOR,TST,333,HB Trujillo Union,Zona HB,2060076804-3,2060076804,3,"29,70","25,17"
2026-03-29,J1006 - JUGUETERIA,J100606 - JUGUETES NIÑOS,J10060605 - VEHICULOS BASICOS,J1006060501 - DIE CAST,5050841729511,43102226,TEAMSTERZ CAMBIA DE COLOR PACK 3 AUTOS,TST,314,Trujillo 2,Zona B,2060076804-3,2060076804,0,"0,00","0,00"
2026-03-29,J1006 - JUGUETERIA,J100606 - JUGUETES NIÑOS,J10060605 - VEHICULOS BASICOS,J1006060501 - DIE CAST,5050841743210,42887778,TMZ BEAST MACHINES DIECAST BLISTER X 1,TST,350,Sullana,Zona C,2060076804-3,2060076804,1,"7,90","6,69"
2026-03-29,J1006 - JUGUETERIA,J100606 - JUGUETES NIÑOS,J10060605 - VEHICULOS BASICOS,J1006060501 - DIE CAST,5050841743210,42887778,TMZ BEAST MACHINES DIECAST BLISTER X 1,TST,334,HB Huacho,Zona HB,2060076804-3,2060076804,1,"7,90","6,69"
2026-03-29,J1006 - JUGUETERIA,J100606 - JUGUETES NIÑOS,J10060605 - VEHICULOS BASICOS,J1006060501 - DIE CAST,5050841743210,42887778,TMZ BEAST MACHINES DIECAST BLISTER X 1,TST,319,HB Trujillo Pierola,Zona HB,2060076804-3,2060076804,1,"7,90","6,69"
2026-03-29,J1006 - JUGUETERIA,J100606 - JUGUETES NIÑOS,J10060605 - VEHICULOS BASICOS,J1006060501 - DIE CAST,5050841743418,42887779,TMZ BEAST MACHINES DIECAST PACK X 5,TST,474,TT IQUITOS MALL,Zona D,2060076804-3,2060076804,1,"39,50","39,50"
2026-03-29,J1006 - JUGUETERIA,J100606 - JUGUETES NIÑOS,J10060605 - VEHICULOS BASICOS,J1006060501 - DIE CAST,5050841755619,43342632,TMZ BEAST MACHINES LANZADOR DINO Y 1 AUTO,TST,174,HB Ventanilla Pachacutec,Zona HB,2060076804-3,2060076804,1,"27,90","23,64"
2026-03-29,J1006 - JUGUETERIA,J100606 - JUGUETES NIÑOS,J10060605 - VEHICULOS BASICOS,J1006060501 - DIE CAST,5050841762716,43342629,TMZ BEAST MACH MONSTER JAWS A FRICCION,TST,335,Chimbote,Zona B,2060076804-3,2060076804,1,"14,90","12,63"
2026-03-29,J1006 - JUGUETERIA,J100606 - JUGUETES NIÑOS,J10060607 - SET DE NIÑOS,J1006060706 - SET DE PIRATAS,5050840500944,43436013,TMZ BEAST MACHINES BARCO PIRATA Y 1 AUTO,TST,474,TT IQUITOS MALL,Zona D,2060076804-3,2060076804,1,"79,90","79,90"
2026-03-29,J1006 - JUGUETERIA,J100606 - JUGUETES NIÑOS,J10060607 - SET DE NIÑOS,J1006060708 - OTROS SETS,4893825032402,43497633,HOT WHEELS POWER SET 3 EN 1,HOW,373,HB Chincha,Zona HB,2060076804-3,2060076804,1,"29,90","25,34"
2026-03-29,J1006 - JUGUETERIA,J100606 - JUGUETES NIÑOS,J10060607 - SET DE NIÑOS,J1006060708 - OTROS SETS,4893825033065,43497632,HOT WHEELS RACK GUARDA AUTOS 3 EN 1,HOW,350,Sullana,Zona C,2060076804-3,2060076804,1,"79,90","67,71"
2026-03-29,J1006 - JUGUETERIA,J100606 - JUGUETES NIÑOS,J10060608 - OTROS JUGUETES NIÑOS,J1006060802 - OTROS JUGUETES NIÑOS,4893825016037,41347885,LATA PARA 18 AUTOS HOT WHEELS,HOW,315,Piura,Zona C,2060076804-3,2060076804,1,"37,90","32,12"
2026-03-29,J1006 - JUGUETERIA,J100606 - JUGUETES NIÑOS,J10060608 - OTROS JUGUETES NIÑOS,J1006060802 - OTROS JUGUETES NIÑOS,6911400366112,42152696,INFINITY NADO TROMPO DE BATALLA METAL EN CAJA,INFINITO,472,HB Tarapoto,Zona HB,2060076804-3,2060076804,1,"27,90","27,90"
2026-03-29,J1006 - JUGUETERIA,J100606 - JUGUETES NIÑOS,J10060608 - OTROS JUGUETES NIÑOS,J1006060802 - OTROS JUGUETES NIÑOS,6911400438796,42152695,INFINITY NADO TROMPO DE BATALLA PLASTICO,INFINITO,175,Lima Sur,Zona B,2060076804-3,2060076804,2,"29,80","25,26"
2026-03-29,J1006 - JUGUETERIA,J100606 - JUGUETES NIÑOS,J10060608 - OTROS JUGUETES NIÑOS,J1006060802 - OTROS JUGUETES NIÑOS,6911400438796,42152695,INFINITY NADO TROMPO DE BATALLA PLASTICO,INFINITO,472,HB Tarapoto,Zona HB,2060076804-3,2060076804,1,"14,90","14,90"
2026-03-29,J1006 - JUGUETERIA,J100606 - JUGUETES NIÑOS,J10060608 - OTROS JUGUETES NIÑOS,J1006060802 - OTROS JUGUETES NIÑOS,8720077145320,43497626,EL PISO ES LAVA,GOLIATH,175,Lima Sur,Zona B,2060076804-3,2060076804,1,"49,90","42,29"
2026-03-29,J1006 - JUGUETERIA,J100606 - JUGUETES NIÑOS,J10060608 - OTROS JUGUETES NIÑOS,J1006060802 - OTROS JUGUETES NIÑOS,8720077145320,43497626,EL PISO ES LAVA,GOLIATH,451,HTO Huanuco,Zona E,2060076804-3,2060076804,1,"49,90","49,90"
2026-03-29,J1006 - JUGUETERIA,J100607 - JUGUETES PRIMERA EDAD,J10060702 - JUGUETES PRE-ESCOLARES,J1006070204 - MOLDEABLES/ SET MOLDEABLES,4006592067113,43392669,ART FUN BALDE X5 Y ACCES,ART  Y F,112,Quilca,Zona D,2060076804-3,2060076804,1,"22,90","19,41"
2026-03-29,J1006 - JUGUETERIA,J100607 - JUGUETES PRIMERA EDAD,J10060702 - JUGUETES PRE-ESCOLARES,J1006070204 - MOLDEABLES/ SET MOLDEABLES,4006592067113,43392669,ART FUN BALDE X5 Y ACCES,ART  Y F,115,El Agustino,Zona E,2060076804-3,2060076804,2,"45,80","38,82"
2026-03-29,J1006 - JUGUETERIA,J100607 - JUGUETES PRIMERA EDAD,J10060702 - JUGUETES PRE-ESCOLARES,J1006070204 - MOLDEABLES/ SET MOLDEABLES,4006592067113,43392669,ART FUN BALDE X5 Y ACCES,ART  Y F,105,La Marina,Zona A,2060076804-3,2060076804,2,"43,51","36,88"
2026-03-29,J1006 - JUGUETERIA,J100607 - JUGUETES PRIMERA EDAD,J10060702 - JUGUETES PRE-ESCOLARES,J1006070204 - MOLDEABLES/ SET MOLDEABLES,4006592086336,43633064,ART Y FUN SET DE ARENA DINOY ACCES,ART  Y F,115,El Agustino,Zona E,2060076804-3,2060076804,1,"39,90","33,81"
2026-03-29,J1006 - JUGUETERIA,J100607 - JUGUETES PRIMERA EDAD,J10060702 - JUGUETES PRE-ESCOLARES,J1006070204 - MOLDEABLES/ SET MOLDEABLES,4006592606428,43392672,ART FUN MASA MOLDEABLE PACK 4 X 140 GR,ART  Y F,314,Trujillo 2,Zona B,2060076804-3,2060076804,1,"12,90","10,93"
2026-03-29,J1006 - JUGUETERIA,J100607 - JUGUETES PRIMERA EDAD,J10060702 - JUGUETES PRE-ESCOLARES,J1006070204 - MOLDEABLES/ SET MOLDEABLES,4006592622640,43392671,ART FUN MASA MOLDEABLE BONUS PACK,ART  Y F,175,Lima Sur,Zona B,2060076804-3,2060076804,3,"47,70","40,41"
2026-03-29,J1006 - JUGUETERIA,J100607 - JUGUETES PRIMERA EDAD,J10060702 - JUGUETES PRE-ESCOLARES,J1006070204 - MOLDEABLES/ SET MOLDEABLES,4006592622640,43392671,ART FUN MASA MOLDEABLE BONUS PACK,ART  Y F,337,Cañete,Zona D,2060076804-3,2060076804,1,"15,90","13,47"
2026-03-29,J1006 - JUGUETERIA,J100607 - JUGUETES PRIMERA EDAD,J10060702 - JUGUETES PRE-ESCOLARES,J1006070204 - MOLDEABLES/ SET MOLDEABLES,4006592622640,43392671,ART FUN MASA MOLDEABLE BONUS PACK,ART  Y F,310,Chiclayo 1,Zona C,2060076804-3,2060076804,2,"31,80","26,94"
2026-03-29,J1006 - JUGUETERIA,J100607 - JUGUETES PRIMERA EDAD,J10060702 - JUGUETES PRE-ESCOLARES,J1006070204 - MOLDEABLES/ SET MOLDEABLES,4006592622640,43392671,ART FUN MASA MOLDEABLE BONUS PACK,ART  Y F,359,Huaral MP,Zona D,2060076804-3,2060076804,2,"31,80","26,94"
2026-03-29,J1006 - JUGUETERIA,J100607 - JUGUETES PRIMERA EDAD,J10060702 - JUGUETES PRE-ESCOLARES,J1006070204 - MOLDEABLES/ SET MOLDEABLES,4006592622640,43392671,ART FUN MASA MOLDEABLE BONUS PACK,ART  Y F,171,San Hilarion,Zona C,2060076804-3,2060076804,1,"15,90","13,47"
2026-03-29,J1006 - JUGUETERIA,J100607 - JUGUETES PRIMERA EDAD,J10060702 - JUGUETES PRE-ESCOLARES,J1006070204 - MOLDEABLES/ SET MOLDEABLES,4006592622640,43392671,ART FUN MASA MOLDEABLE BONUS PACK,ART  Y F,104,Las Begonias,Zona A,2060076804-3,2060076804,1,"15,90","13,47"
2026-03-29,J1006 - JUGUETERIA,J100607 - JUGUETES PRIMERA EDAD,J10060702 - JUGUETES PRE-ESCOLARES,J1006070204 - MOLDEABLES/ SET MOLDEABLES,4006592622640,43392671,ART FUN MASA MOLDEABLE BONUS PACK,ART  Y F,450,HTO Pucallpa,Zona C,2060076804-3,2060076804,1,"15,90","15,90"
2026-03-29,J1006 - JUGUETERIA,J100607 - JUGUETES PRIMERA EDAD,J10060702 - JUGUETES PRE-ESCOLARES,J1006070204 - MOLDEABLES/ SET MOLDEABLES,4006592690977,43474676,ART FUN PRENSA PARA MASA X3 ACCES,ART  Y F,122,La Fontana,Zona A,2060076804-3,2060076804,0,"0,00","0,00"
2026-03-29,J1006 - JUGUETERIA,J100605 - JUGUETES NIÑAS,J10060501 - MUÑECAS,J1006050103 - MUÑECA,4006592073503,43392655,MUNECA EVI LOVE TIENDITA DE FRUTAS,EVI LOVE,115,El Agustino,Zona E,2060076804-3,2060076804,0,"0,00","0,00"
2026-03-29,J1006 - JUGUETERIA,J100605 - JUGUETES NIÑAS,J10060501 - MUÑECAS,J1006050103 - MUÑECA,4006592089726,43392658,MUNECA EVI LOVE PRINCESA Y UNICORNIO,EVI LOVE,124,Jockey Plaza,Zona A,2060076804-3,2060076804,1,"9,90","8,39"
2026-03-29,J1006 - JUGUETERIA,J100605 - JUGUETES NIÑAS,J10060501 - MUÑECAS,J1006050103 - MUÑECA,4006592579883,43392659,MUNECA EVI LOVE TIEMPO DE VERANO SURT,EVI LOVE,359,Huaral MP,Zona D,2060076804-3,2060076804,1,"12,90","10,93"
2026-03-29,J1006 - JUGUETERIA,J100605 - JUGUETES NIÑAS,J10060501 - MUÑECAS,J1006050103 - MUÑECA,8056379162810,43410217,PINYPON TENEBROSA SERIE 14 CDU 24X2,PINYPON,113,Saenz Pena,Zona D,2060076804-3,2060076804,3,"44,70","37,89"
2026-03-29,J1006 - JUGUETERIA,J100605 - JUGUETES NIÑAS,J10060501 - MUÑECAS,J1006050103 - MUÑECA,8056379162810,43410217,PINYPON TENEBROSA SERIE 14 CDU 24X2,PINYPON,107,Atocongo,Zona B,2060076804-3,2060076804,2,"29,80","25,26"
2026-03-29,J1006 - JUGUETERIA,J100605 - JUGUETES NIÑAS,J10060501 - MUÑECAS,J1006050103 - MUÑECA,8056379162810,43410217,PINYPON TENEBROSA SERIE 14 CDU 24X2,PINYPON,356,Chepen,Zona E,2060076804-3,2060076804,3,"44,70","37,89"
2026-03-29,J1006 - JUGUETERIA,J100605 - JUGUETES NIÑAS,J10060501 - MUÑECAS,J1006050104 - MUÑECA CON ACCESORIOS,4006592505134,43077290,EVI LOVE AMIGA DE MASCOTAS SURTIDO,EV,194,MP Comas,Zona C,2060076804-3,2060076804,2,"39,80","33,72"
2026-03-29,J1006 - JUGUETERIA,J100605 - JUGUETES NIÑAS,J10060501 - MUÑECAS,J1006050104 - MUÑECA CON ACCESORIOS,4006592505134,43077290,EVI LOVE AMIGA DE MASCOTAS SURTIDO,EV,350,Sullana,Zona C,2060076804-3,2060076804,1,"19,90","16,86"
2026-03-29,J1006 - JUGUETERIA,J100605 - JUGUETES NIÑAS,J10060501 - MUÑECAS,J1006050104 - MUÑECA CON ACCESORIOS,4006592538477,43212180,MUNECA EVILOVE CAMAROTE Y 2 MUNECAS,EVI LOVE,114,San Luis,Zona A,2060076804-3,2060076804,1,"49,90","42,29"
2026-03-29,J1006 - JUGUETERIA,J100605 - JUGUETES NIÑAS,J10060501 - MUÑECAS,J1006050104 - MUÑECA CON ACCESORIOS,4052351030560,43331013,EVI LOVE CON MAMA Y BB CANGURO Y ACC,EV,194,MP Comas,Zona C,2060076804-3,2060076804,1,"29,90","25,34"
2026-03-29,J1006 - JUGUETERIA,J100605 - JUGUETES NIÑAS,J10060501 - MUÑECAS,J1006050104 - MUÑECA CON ACCESORIOS,8056379162803,43547576,PINYPON ADIVINA TU FORTUNA,PINYPON,392,HB Piura Grau,Zona HB,2060076804-3,2060076804,0,"0,00","0,00"
2026-03-29,J1006 - JUGUETERIA,J100605 - JUGUETES NIÑAS,J10060501 - MUÑECAS,J1006050107 - OTRAS MUÑECAS,8056379141204,43102239,PINYPON PEQUENA CASITA INCL MUNECA,PINYPON,357,Cusco La Cultura,Zona B,2060076804-3,2060076804,1,"59,90","50,76"
2026-03-29,J1006 - JUGUETERIA,J100605 - JUGUETES NIÑAS,J10060501 - MUÑECAS,J1006050107 - OTRAS MUÑECAS,8056379141204,43102239,PINYPON PEQUENA CASITA INCL MUNECA,PINYPON,470,HB Iquitos La Marina,Zona HB,2060076804-3,2060076804,1,"59,90","59,90"
2026-03-29,J1006 - JUGUETERIA,J100605 - JUGUETES NIÑAS,J10060501 - MUÑECAS,J1006050107 - OTRAS MUÑECAS,8410779051615,43102241,PINYPON CELEBRACION DE CUMPLEANOS,PINYPON,375,Huancayo,Zona E,2060076804-3,2060076804,1,"69,90","59,24"
2026-03-29,J1006 - JUGUETERIA,J100605 - JUGUETES NIÑAS,J10060501 - MUÑECAS,J1006050107 - OTRAS MUÑECAS,8410779087355,42837189,PINYPON MI MASCOTA Y YO SURT,PINYPON,374,HB Pisco,Zona HB,2060076804-3,2060076804,0,"0,00","0,00"
2026-03-29,J1006 - JUGUETERIA,J100605 - JUGUETES NIÑAS,J10060502 - ACCESORIOS DE MUÑECAS,J1006050204 - OTROS ACCESORIOS,4006592692902,43324541,ART Y FUN PACK X8 CON ACCESORIOS,ART  Y F,116,Lima Centro,Zona D,2060076804-3,2060076804,2,"39,80","33,72"
2026-03-29,J1006 - JUGUETERIA,J100605 - JUGUETES NIÑAS,J10060502 - ACCESORIOS DE MUÑECAS,J1006050204 - OTROS ACCESORIOS,4006592692902,43324541,ART Y FUN PACK X8 CON ACCESORIOS,ART  Y F,357,Cusco La Cultura,Zona B,2060076804-3,2060076804,1,"19,90","16,86"
2026-03-29,J1006 - JUGUETERIA,J100605 - JUGUETES NIÑAS,J10060502 - ACCESORIOS DE MUÑECAS,J1006050204 - OTROS ACCESORIOS,4006592692902,43324541,ART Y FUN PACK X8 CON ACCESORIOS,ART  Y F,371,Piura Maestro,Zona C,2060076804-3,2060076804,1,"19,90","16,86"
2026-03-29,J1006 - JUGUETERIA,J100605 - JUGUETES NIÑAS,J10060502 - ACCESORIOS DE MUÑECAS,J1006050204 - OTROS ACCESORIOS,4006592692902,43324541,ART Y FUN PACK X8 CON ACCESORIOS,ART  Y F,350,Sullana,Zona C,2060076804-3,2060076804,1,"19,90","16,86"
2026-03-29,J1006 - JUGUETERIA,J100605 - JUGUETES NIÑAS,J10060502 - ACCESORIOS DE MUÑECAS,J1006050204 - OTROS ACCESORIOS,4006592692902,43324541,ART Y FUN PACK X8 CON ACCESORIOS,ART  Y F,313,Ica,Zona D,2060076804-3,2060076804,2,"39,80","33,72"
2026-03-29,J1006 - JUGUETERIA,J100605 - JUGUETES NIÑAS,J10060502 - ACCESORIOS DE MUÑECAS,J1006050204 - OTROS ACCESORIOS,4006592692902,43324541,ART Y FUN PACK X8 CON ACCESORIOS,ART  Y F,155,Santa Anita,Zona B,2060076804-3,2060076804,1,"19,90","16,86"
2026-03-29,J1006 - JUGUETERIA,J100605 - JUGUETES NIÑAS,J10060502 - ACCESORIOS DE MUÑECAS,J1006050204 - OTROS ACCESORIOS,4006592692902,43324541,ART Y FUN PACK X8 CON ACCESORIOS,ART  Y F,352,Pacasmayo,Zona E,2060076804-3,2060076804,2,"39,80","33,72"
2026-03-29,J1006 - JUGUETERIA,J100605 - JUGUETES NIÑAS,J10060502 - ACCESORIOS DE MUÑECAS,J1006050204 - OTROS ACCESORIOS,4006592692902,43324541,ART Y FUN PACK X8 CON ACCESORIOS,ART  Y F,316,Arequipa Porongoche,Zona A,2060076804-3,2060076804,2,"39,80","33,72"
2026-03-29,J1006 - JUGUETERIA,J100605 - JUGUETES NIÑAS,J10060504 - OTROS JUGUETES NIÑAS,J1006050402 - OTROS JUGUETES NIÑAS,4895247402528,43410212,GLAM BUDDIES BOLSO MASCOTA Y ACCS SURT,PINYPON,175,Lima Sur,Zona B,2060076804-3,2060076804,2,"75,80","64,24"
2026-03-29,J1006 - JUGUETERIA,J100606 - JUGUETES NIÑOS,J10060602 - ARMAS,J1006060202 - SET DE PISTOLAS,729747630737,43601782,DZ RECARGA DE 100 DARDOS ENVASE TERMO,DART ZONE,120,Puente Piedra,Zona C,2060076804-3,2060076804,2,"55,80","47,28"
2026-03-29,J1006 - JUGUETERIA,J100606 - JUGUETES NIÑOS,J10060602 - ARMAS,J1006060202 - SET DE PISTOLAS,729747635350,43474689,DART ZONE PISTOLA TRIPLE DISPARO,DART ZONE,377,HB Ica Panamericana,Zona HB,2060076804-3,2060076804,1,"12,90","10,93"
2026-03-29,J1006 - JUGUETERIA,J100606 - JUGUETES NIÑOS,J10060602 - ARMAS,J1006060202 - SET DE PISTOLAS,729747638818,43552670,DZ MAGNUM BLASTER SUPER TAMBOR,DART ZONE,474,TT IQUITOS MALL,Zona D,2060076804-3,2060076804,1,"79,90","79,90"
2026-03-29,J1006 - JUGUETERIA,J100606 - JUGUETES NIÑOS,J10060602 - ARMAS,J1006060202 - SET DE PISTOLAS,729747644505,43601788,DZ SAVAGE SPIN BLASTER MOTORIZADO,DARTZONE,350,Sullana,Zona C,2060076804-3,2060076804,1,"89,90","76,19"
2026-03-29,J1006 - JUGUETERIA,J100606 - JUGUETES NIÑOS,J10060602 - ARMAS,J1006060202 - SET DE PISTOLAS,729747644505,43601788,DZ SAVAGE SPIN BLASTER MOTORIZADO,DARTZONE,371,Piura Maestro,Zona C,2060076804-3,2060076804,1,"89,90","76,19"
2026-03-29,J1006 - JUGUETERIA,J100606 - JUGUETES NIÑOS,J10060603 - MUÑECOS DE ACCION,J1006060301 - FIGURAS DE ACCION,5050835008547,43536193,STRETCHERZ PATRULLA DINO ELASTICO,STRETCHERZ,333,HB Trujillo Union,Zona HB,2060076804-3,2060076804,1,"19,90","16,86"
2026-03-29,J1006 - JUGUETERIA,J100606 - JUGUETES NIÑOS,J10060603 - MUÑECOS DE ACCION,J1006060301 - FIGURAS DE ACCION,5050837662419,43536192,STRETCHERZ PATRULLA ELASTICA,STRETCHERZ,104,Las Begonias,Zona A,2060076804-3,2060076804,3,"59,70","50,58"
2026-03-29,J1006 - JUGUETERIA,J100606 - JUGUETES NIÑOS,J10060603 - MUÑECOS DE ACCION,J1006060301 - FIGURAS DE ACCION,5050837662419,43536192,STRETCHERZ PATRULLA ELASTICA,STRETCHERZ,450,HTO Pucallpa,Zona C,2060076804-3,2060076804,4,"79,60","79,60"
2026-03-29,J1006 - JUGUETERIA,J100606 - JUGUETES NIÑOS,J10060604 - PISTAS,J1006060402 - PISTAS FRICCION,5050841708615,43102223,TEAMSTERZ PLAYSET RESCATE EN EL MAR,TST,159,HB Puente Piedra,Zona HB,2060076804-3,2060076804,2,"39,80","33,72"
2026-03-29,J1006 - JUGUETERIA,J100606 - JUGUETES NIÑOS,J10060605 - VEHICULOS BASICOS,J1006060501 - DIE CAST,90159155263,43601781,1:64 MUSCLE MACHINES AUTOS SURTIDOS,MUSCLE MAC,359,Huaral MP,Zona D,2060076804-3,2060076804,2,"39,80","33,73"
2026-03-29,J1006 - JUGUETERIA,J100606 - JUGUETES NIÑOS,J10060605 - VEHICULOS BASICOS,J1006060501 - DIE CAST,4893825030736,43331019,HOT WHEELS ESTUCHE PLASTICO 15 AUTOS,HOW,474,TT IQUITOS MALL,Zona D,2060076804-3,2060076804,1,"27,90","27,90"
2026-03-29,J1006 - JUGUETERIA,J100606 - JUGUETES NIÑOS,J10060605 - VEHICULOS BASICOS,J1006060501 - DIE CAST,5050837361510,42887776,TEAMSTERZ PLAYSET GRANDES CONSTRUCCIONES,TST,371,Piura Maestro,Zona C,2060076804-3,2060076804,1,"19,90","16,86"
2026-03-29,J1006 - JUGUETERIA,J100606 - JUGUETES NIÑOS,J10060605 - VEHICULOS BASICOS,J1006060501 - DIE CAST,5050841621112,42382272,TEAMSTERZ AUTOS DE METAL 3PULG BLISTX2,TST,391,HB Ferrenafe,Zona HB,2060076804-3,2060076804,1,"13,80","11,69"
2026-03-29,J1006 - JUGUETERIA,J100606 - JUGUETES NIÑOS,J10060605 - VEHICULOS BASICOS,J1006060501 - DIE CAST,5050841621112,42382272,TEAMSTERZ AUTOS DE METAL 3PULG BLISTX2,TST,357,Cusco La Cultura,Zona B,2060076804-3,2060076804,2,"27,60","23,38"
2026-03-29,J1006 - JUGUETERIA,J100606 - JUGUETES NIÑOS,J10060605 - VEHICULOS BASICOS,J1006060501 - DIE CAST,5050841621112,42382272,TEAMSTERZ AUTOS DE METAL 3PULG BLISTX2,TST,313,Ica,Zona D,2060076804-3,2060076804,1,"13,80","11,69"
2026-03-29,J1006 - JUGUETERIA,J100606 - JUGUETES NIÑOS,J10060605 - VEHICULOS BASICOS,J1006060501 - DIE CAST,5050841621112,42382272,TEAMSTERZ AUTOS DE METAL 3PULG BLISTX2,TST,319,HB Trujillo Pierola,Zona HB,2060076804-3,2060076804,2,"27,60","23,38"
2026-03-29,J1006 - JUGUETERIA,J100606 - JUGUETES NIÑOS,J10060605 - VEHICULOS BASICOS,J1006060501 - DIE CAST,5050841621112,42382272,TEAMSTERZ AUTOS DE METAL 3PULG BLISTX2,TST,194,MP Comas,Zona C,2060076804-3,2060076804,2,"27,60","23,38"
2026-03-29,J1006 - JUGUETERIA,J100606 - JUGUETES NIÑOS,J10060605 - VEHICULOS BASICOS,J1006060501 - DIE CAST,5050841621112,42382272,TEAMSTERZ AUTOS DE METAL 3PULG BLISTX2,TST,155,Santa Anita,Zona B,2060076804-3,2060076804,1,"13,80","11,69"
2026-03-29,J1006 - JUGUETERIA,J100606 - JUGUETES NIÑOS,J10060605 - VEHICULOS BASICOS,J1006060501 - DIE CAST,5050841622812,41883664,TEAMSTERZ AUTOS DE METAL BASICOS EN BLISTER,TST,375,Huancayo,Zona E,2060076804-3,2060076804,6,"35,40","30,00"
2026-03-29,J1006 - JUGUETERIA,J100606 - JUGUETES NIÑOS,J10060605 - VEHICULOS BASICOS,J1006060501 - DIE CAST,5050841622812,41883664,TEAMSTERZ AUTOS DE METAL BASICOS EN BLISTER,TST,372,Huacho,Zona D,2060076804-3,2060076804,1,"5,90","5,00"
2026-03-29,J1006 - JUGUETERIA,J100606 - JUGUETES NIÑOS,J10060605 - VEHICULOS BASICOS,J1006060501 - DIE CAST,5050841622812,41883664,TEAMSTERZ AUTOS DE METAL BASICOS EN BLISTER,TST,195,HB TANTAMAYO,Zona HB,2060076804-3,2060076804,6,"35,40","30,00"
2026-03-29,J1006 - JUGUETERIA,J100606 - JUGUETES NIÑOS,J10060605 - VEHICULOS BASICOS,J1006060501 - DIE CAST,5050841622812,41883664,TEAMSTERZ AUTOS DE METAL BASICOS EN BLISTER,TST,453,HB Maestro Pucallpa,Zona HB,2060076804-3,2060076804,6,"35,40","35,40"
2026-03-29,J1006 - JUGUETERIA,J100606 - JUGUETES NIÑOS,J10060605 - VEHICULOS BASICOS,J1006060501 - DIE CAST,5050841644913,43324539,TEAMSTERZ CAMIONES CIUDAD SURTIDOS,TST,319,HB Trujillo Pierola,Zona HB,2060076804-3,2060076804,1,"17,90","15,17"
2026-03-29,J1006 - JUGUETERIA,J100606 - JUGUETES NIÑOS,J10060605 - VEHICULOS BASICOS,J1006060501 - DIE CAST,5050841729412,42512466,TEAMSTERZ AUTO QUE CAMBIA DE COLOR,TST,170,HB Huaycan,Zona HB,2060076804-3,2060076804,2,"19,80","16,78"
2026-03-29,J1006 - JUGUETERIA,J100606 - JUGUETES NIÑOS,J10060605 - VEHICULOS BASICOS,J1006060501 - DIE CAST,5050841729412,42512466,TEAMSTERZ AUTO QUE CAMBIA DE COLOR,TST,471,HB Iquitos Alfonso Ugarte,Zona HB,2060076804-3,2060076804,1,"9,90","9,90"
2026-03-29,J1006 - JUGUETERIA,J100606 - JUGUETES NIÑOS,J10060605 - VEHICULOS BASICOS,J1006060501 - DIE CAST,5050841729511,43102226,TEAMSTERZ CAMBIA DE COLOR PACK 3 AUTOS,TST,371,Piura Maestro,Zona C,2060076804-3,2060076804,1,"49,90","42,29"
2026-03-29,J1006 - JUGUETERIA,J100606 - JUGUETES NIÑOS,J10060605 - VEHICULOS BASICOS,J1006060501 - DIE CAST,5050841743210,42887778,TMZ BEAST MACHINES DIECAST BLISTER X 1,TST,105,La Marina,Zona A,2060076804-3,2060076804,1,"7,90","6,69"
2026-03-29,J1006 - JUGUETERIA,J100606 - JUGUETES NIÑOS,J10060605 - VEHICULOS BASICOS,J1006060501 - DIE CAST,5050841743210,42887778,TMZ BEAST MACHINES DIECAST BLISTER X 1,TST,103,Mega Plaza,Zona B,2060076804-3,2060076804,1,"7,90","6,69"
2026-03-29,J1006 - JUGUETERIA,J100606 - JUGUETES NIÑOS,J10060605 - VEHICULOS BASICOS,J1006060501 - DIE CAST,5050841743210,42887778,TMZ BEAST MACHINES DIECAST BLISTER X 1,TST,374,HB Pisco,Zona HB,2060076804-3,2060076804,2,"15,80","13,38"
2026-03-29,J1006 - JUGUETERIA,J100606 - JUGUETES NIÑOS,J10060605 - VEHICULOS BASICOS,J1006060501 - DIE CAST,5050841743210,42887778,TMZ BEAST MACHINES DIECAST BLISTER X 1,TST,115,El Agustino,Zona E,2060076804-3,2060076804,4,"31,60","26,76"
2026-03-29,J1006 - JUGUETERIA,J100606 - JUGUETES NIÑOS,J10060605 - VEHICULOS BASICOS,J1006060501 - DIE CAST,5050841743210,42887778,TMZ BEAST MACHINES DIECAST BLISTER X 1,TST,112,Quilca,Zona D,2060076804-3,2060076804,1,"7,90","6,69"
2026-03-29,J1006 - JUGUETERIA,J100606 - JUGUETES NIÑOS,J10060605 - VEHICULOS BASICOS,J1006060501 - DIE CAST,5050841754513,43102224,TMZ BEAST MACHINE AUTOS METAL PACK 3 AUT,TST,114,San Luis,Zona A,2060076804-3,2060076804,1,"15,00","12,71"
2026-03-29,J1006 - JUGUETERIA,J100606 - JUGUETES NIÑOS,J10060605 - VEHICULOS BASICOS,J1006060501 - DIE CAST,5050841754513,43102224,TMZ BEAST MACHINE AUTOS METAL PACK 3 AUT,TST,171,San Hilarion,Zona C,2060076804-3,2060076804,2,"30,00","25,42"
2026-03-29,J1006 - JUGUETERIA,J100606 - JUGUETES NIÑOS,J10060605 - VEHICULOS BASICOS,J1006060501 - DIE CAST,5050841762716,43342629,TMZ BEAST MACH MONSTER JAWS A FRICCION,TST,337,Cañete,Zona D,2060076804-3,2060076804,2,"29,80","25,26"
2026-03-29,J1006 - JUGUETERIA,J100606 - JUGUETES NIÑOS,J10060605 - VEHICULOS BASICOS,J1006060501 - DIE CAST,5050841762716,43342629,TMZ BEAST MACH MONSTER JAWS A FRICCION,TST,104,Las Begonias,Zona A,2060076804-3,2060076804,2,"29,80","25,26"
2026-03-29,J1006 - JUGUETERIA,J100606 - JUGUETES NIÑOS,J10060605 - VEHICULOS BASICOS,J1006060501 - DIE CAST,5050841762716,43342629,TMZ BEAST MACH MONSTER JAWS A FRICCION,TST,114,San Luis,Zona A,2060076804-3,2060076804,1,"14,90","12,63"
2026-03-29,J1006 - JUGUETERIA,J100606 - JUGUETES NIÑOS,J10060605 - VEHICULOS BASICOS,J1006060501 - DIE CAST,5050841762716,43342629,TMZ BEAST MACH MONSTER JAWS A FRICCION,TST,359,Huaral MP,Zona D,2060076804-3,2060076804,1,"14,90","12,63"
2026-03-29,J1006 - JUGUETERIA,J100606 - JUGUETES NIÑOS,J10060607 - SET DE NIÑOS,J1006060706 - SET DE PIRATAS,5050840500944,43436013,TMZ BEAST MACHINES BARCO PIRATA Y 1 AUTO,TST,176,Calle 7,Zona A,2060076804-3,2060076804,1,"79,90","67,71"
2026-03-29,J1006 - JUGUETERIA,J100606 - JUGUETES NIÑOS,J10060608 - OTROS JUGUETES NIÑOS,J1006060802 - OTROS JUGUETES NIÑOS,4893825016037,41347885,LATA PARA 18 AUTOS HOT WHEELS,HOW,156,Los Olivos,Zona C,2060076804-3,2060076804,1,"37,90","32,12"
2026-03-29,J1006 - JUGUETERIA,J100606 - JUGUETES NIÑOS,J10060608 - OTROS JUGUETES NIÑOS,J1006060802 - OTROS JUGUETES NIÑOS,4893825016037,41347885,LATA PARA 18 AUTOS HOT WHEELS,HOW,450,HTO Pucallpa,Zona C,2060076804-3,2060076804,1,"37,90","37,90"
2026-03-29,J1006 - JUGUETERIA,J100606 - JUGUETES NIÑOS,J10060608 - OTROS JUGUETES NIÑOS,J1006060802 - OTROS JUGUETES NIÑOS,4893825016037,41347885,LATA PARA 18 AUTOS HOT WHEELS,HOW,452,HB Moyobamba,Zona HB,2060076804-3,2060076804,1,"35,45","35,45"
2026-03-29,J1006 - JUGUETERIA,J100606 - JUGUETES NIÑOS,J10060608 - OTROS JUGUETES NIÑOS,J1006060802 - OTROS JUGUETES NIÑOS,4893825016037,41347885,LATA PARA 18 AUTOS HOT WHEELS,HOW,124,Jockey Plaza,Zona A,2060076804-3,2060076804,1,"37,90","32,12"
2026-03-29,J1006 - JUGUETERIA,J100606 - JUGUETES NIÑOS,J10060608 - OTROS JUGUETES NIÑOS,J1006060802 - OTROS JUGUETES NIÑOS,4893825016037,41347885,LATA PARA 18 AUTOS HOT WHEELS,HOW,451,HTO Huanuco,Zona E,2060076804-3,2060076804,1,"37,90","37,90"
2026-03-29,J1006 - JUGUETERIA,J100606 - JUGUETES NIÑOS,J10060608 - OTROS JUGUETES NIÑOS,J1006060802 - OTROS JUGUETES NIÑOS,4893825016037,41347885,LATA PARA 18 AUTOS HOT WHEELS,HOW,171,San Hilarion,Zona C,2060076804-3,2060076804,1,"37,90","32,12"
2026-03-29,J1006 - JUGUETERIA,J100606 - JUGUETES NIÑOS,J10060608 - OTROS JUGUETES NIÑOS,J1006060802 - OTROS JUGUETES NIÑOS,6911400356298,42152697,INFINITY NADO TROMPO DE BATALLA METAL ANILLO,INFINITO,334,HB Huacho,Zona HB,2060076804-3,2060076804,1,"49,90","42,29"
2026-03-29,J1006 - JUGUETERIA,J100606 - JUGUETES NIÑOS,J10060608 - OTROS JUGUETES NIÑOS,J1006060802 - OTROS JUGUETES NIÑOS,6911400366112,42152696,INFINITY NADO TROMPO DE BATALLA METAL EN CAJA,INFINITO,177,Comandante Espinar,Zona A,2060076804-3,2060076804,2,"55,80","47,29"
2026-03-29,J1006 - JUGUETERIA,J100606 - JUGUETES NIÑOS,J10060608 - OTROS JUGUETES NIÑOS,J1006060802 - OTROS JUGUETES NIÑOS,6911400381986,42461190,INFINITY NADO SS CLASSIC BATTLE PACK,INFINIT,105,La Marina,Zona A,2060076804-3,2060076804,1,"59,90","50,76"
2026-03-29,J1006 - JUGUETERIA,J100606 - JUGUETES NIÑOS,J10060608 - OTROS JUGUETES NIÑOS,J1006060802 - OTROS JUGUETES NIÑOS,6911400381986,42461190,INFINITY NADO SS CLASSIC BATTLE PACK,INFINIT,115,El Agustino,Zona E,2060076804-3,2060076804,1,"59,90","50,76"
2026-03-29,J1006 - JUGUETERIA,J100606 - JUGUETES NIÑOS,J10060608 - OTROS JUGUETES NIÑOS,J1006060802 - OTROS JUGUETES NIÑOS,6911400438796,42152695,INFINITY NADO TROMPO DE BATALLA PLASTICO,INFINITO,117,Canta Callao,Zona C,2060076804-3,2060076804,1,"14,90","12,63"
2026-03-29,J1006 - JUGUETERIA,J100606 - JUGUETES NIÑOS,J10060608 - OTROS JUGUETES NIÑOS,J1006060802 - OTROS JUGUETES NIÑOS,6911400438796,42152695,INFINITY NADO TROMPO DE BATALLA PLASTICO,INFINITO,333,HB Trujillo Union,Zona HB,2060076804-3,2060076804,1,"14,90","12,63"
2026-03-29,J1006 - JUGUETERIA,J100607 - JUGUETES PRIMERA EDAD,J10060702 - JUGUETES PRE-ESCOLARES,J1006070204 - MOLDEABLES/ SET MOLDEABLES,4006592067113,43392669,ART FUN BALDE X5 Y ACCES,ART  Y F,157,Av. Central,Zona D,2060076804-3,2060076804,1,"22,90","19,41"
2026-03-29,J1006 - JUGUETERIA,J100607 - JUGUETES PRIMERA EDAD,J10060702 - JUGUETES PRE-ESCOLARES,J1006070204 - MOLDEABLES/ SET MOLDEABLES,4006592067113,43392669,ART FUN BALDE X5 Y ACCES,ART  Y F,316,Arequipa Porongoche,Zona A,2060076804-3,2060076804,1,"22,90","19,41"
2026-03-29,J1006 - JUGUETERIA,J100607 - JUGUETES PRIMERA EDAD,J10060702 - JUGUETES PRE-ESCOLARES,J1006070204 - MOLDEABLES/ SET MOLDEABLES,4006592067113,43392669,ART FUN BALDE X5 Y ACCES,ART  Y F,155,Santa Anita,Zona B,2060076804-3,2060076804,1,"22,90","19,41"
2026-03-29,J1006 - JUGUETERIA,J100607 - JUGUETES PRIMERA EDAD,J10060702 - JUGUETES PRE-ESCOLARES,J1006070204 - MOLDEABLES/ SET MOLDEABLES,4006592067113,43392669,ART FUN BALDE X5 Y ACCES,ART  Y F,350,Sullana,Zona C,2060076804-3,2060076804,1,"22,90","19,41"
2026-03-29,J1006 - JUGUETERIA,J100607 - JUGUETES PRIMERA EDAD,J10060702 - JUGUETES PRE-ESCOLARES,J1006070204 - MOLDEABLES/ SET MOLDEABLES,4006592086336,43633064,ART Y FUN SET DE ARENA DINOY ACCES,ART  Y F,352,Pacasmayo,Zona E,2060076804-3,2060076804,1,"39,90","33,81"
2026-03-29,J1006 - JUGUETERIA,J100607 - JUGUETES PRIMERA EDAD,J10060702 - JUGUETES PRE-ESCOLARES,J1006070204 - MOLDEABLES/ SET MOLDEABLES,4006592086336,43633064,ART Y FUN SET DE ARENA DINOY ACCES,ART  Y F,194,MP Comas,Zona C,2060076804-3,2060076804,1,"39,90","33,81"
2026-03-29,J1006 - JUGUETERIA,J100607 - JUGUETES PRIMERA EDAD,J10060702 - JUGUETES PRE-ESCOLARES,J1006070204 - MOLDEABLES/ SET MOLDEABLES,4006592606428,43392672,ART FUN MASA MOLDEABLE PACK 4 X 140 GR,ART  Y F,119,Pachacutec,Zona E,2060076804-3,2060076804,2,"25,80","21,86"
2026-03-29,J1006 - JUGUETERIA,J100607 - JUGUETES PRIMERA EDAD,J10060702 - JUGUETES PRE-ESCOLARES,J1006070204 - MOLDEABLES/ SET MOLDEABLES,4006592606428,43392672,ART FUN MASA MOLDEABLE PACK 4 X 140 GR,ART  Y F,116,Lima Centro,Zona D,2060076804-3,2060076804,1,"12,90","10,93"
2026-03-29,J1006 - JUGUETERIA,J100607 - JUGUETES PRIMERA EDAD,J10060702 - JUGUETES PRE-ESCOLARES,J1006070204 - MOLDEABLES/ SET MOLDEABLES,4006592606428,43392672,ART FUN MASA MOLDEABLE PACK 4 X 140 GR,ART  Y F,313,Ica,Zona D,2060076804-3,2060076804,1,"12,90","10,93"
2026-03-29,J1006 - JUGUETERIA,J100607 - JUGUETES PRIMERA EDAD,J10060702 - JUGUETES PRE-ESCOLARES,J1006070204 - MOLDEABLES/ SET MOLDEABLES,4006592606428,43392672,ART FUN MASA MOLDEABLE PACK 4 X 140 GR,ART  Y F,352,Pacasmayo,Zona E,2060076804-3,2060076804,2,"25,80","21,86"
2026-03-29,J1006 - JUGUETERIA,J100607 - JUGUETES PRIMERA EDAD,J10060702 - JUGUETES PRE-ESCOLARES,J1006070204 - MOLDEABLES/ SET MOLDEABLES,4006592606428,43392672,ART FUN MASA MOLDEABLE PACK 4 X 140 GR,ART  Y F,316,Arequipa Porongoche,Zona A,2060076804-3,2060076804,4,"51,60","43,72"
2026-03-29,J1006 - JUGUETERIA,J100607 - JUGUETES PRIMERA EDAD,J10060702 - JUGUETES PRE-ESCOLARES,J1006070204 - MOLDEABLES/ SET MOLDEABLES,4006592622640,43392671,ART FUN MASA MOLDEABLE BONUS PACK,ART  Y F,372,Huacho,Zona D,2060076804-3,2060076804,2,"31,80","26,94"
2026-03-29,J1006 - JUGUETERIA,J100607 - JUGUETES PRIMERA EDAD,J10060702 - JUGUETES PRE-ESCOLARES,J1006070204 - MOLDEABLES/ SET MOLDEABLES,4006592622640,43392671,ART FUN MASA MOLDEABLE BONUS PACK,ART  Y F,193,Puruchuco,Zona B,2060076804-3,2060076804,1,"15,90","13,47"
2026-03-29,J1006 - JUGUETERIA,J100607 - JUGUETES PRIMERA EDAD,J10060702 - JUGUETES PRE-ESCOLARES,J1006070204 - MOLDEABLES/ SET MOLDEABLES,4006592622640,43392671,ART FUN MASA MOLDEABLE BONUS PACK,ART  Y F,317,Arequipa Cayma,Zona A,2060076804-3,2060076804,1,"15,90","13,47"
2026-03-29,J1006 - JUGUETERIA,J100607 - JUGUETES PRIMERA EDAD,J10060702 - JUGUETES PRE-ESCOLARES,J1006070204 - MOLDEABLES/ SET MOLDEABLES,4006592622640,43392671,ART FUN MASA MOLDEABLE BONUS PACK,ART  Y F,335,Chimbote,Zona B,2060076804-3,2060076804,1,"15,90","13,47"
2026-03-29,J1006 - JUGUETERIA,J100607 - JUGUETES PRIMERA EDAD,J10060702 - JUGUETES PRE-ESCOLARES,J1006070204 - MOLDEABLES/ SET MOLDEABLES,4006592622640,43392671,ART FUN MASA MOLDEABLE BONUS PACK,ART  Y F,315,Piura,Zona C,2060076804-3,2060076804,1,"15,90","13,47"
2026-03-29,J1006 - JUGUETERIA,J100605 - JUGUETES NIÑAS,J10060501 - MUÑECAS,J1006050103 - MUÑECA,4006592073503,43392655,MUNECA EVI LOVE TIENDITA DE FRUTAS,EVI LOVE,171,San Hilarion,Zona C,2060076804-3,2060076804,0,"0,00","0,00"
2026-03-29,J1006 - JUGUETERIA,J100605 - JUGUETES NIÑAS,J10060501 - MUÑECAS,J1006050103 - MUÑECA,4006592089726,43392658,MUNECA EVI LOVE PRINCESA Y UNICORNIO,EVI LOVE,155,Santa Anita,Zona B,2060076804-3,2060076804,1,"9,90","8,39"
2026-03-29,J1006 - JUGUETERIA,J100605 - JUGUETES NIÑAS,J10060501 - MUÑECAS,J1006050103 - MUÑECA,4006592089726,43392658,MUNECA EVI LOVE PRINCESA Y UNICORNIO,EVI LOVE,352,Pacasmayo,Zona E,2060076804-3,2060076804,1,"9,90","8,39"
2026-03-29,J1006 - JUGUETERIA,J100605 - JUGUETES NIÑAS,J10060501 - MUÑECAS,J1006050103 - MUÑECA,4006592579883,43392659,MUNECA EVI LOVE TIEMPO DE VERANO SURT,EVI LOVE,194,MP Comas,Zona C,2060076804-3,2060076804,1,"12,90","10,93"
2026-03-29,J1006 - JUGUETERIA,J100605 - JUGUETES NIÑAS,J10060501 - MUÑECAS,J1006050103 - MUÑECA,4006592579883,43392659,MUNECA EVI LOVE TIEMPO DE VERANO SURT,EVI LOVE,352,Pacasmayo,Zona E,2060076804-3,2060076804,2,"25,80","21,86"
2026-03-29,J1006 - JUGUETERIA,J100605 - JUGUETES NIÑAS,J10060501 - MUÑECAS,J1006050103 - MUÑECA,4052351032007,43392656,MUNECA EVI LOVE CON MOTO Y COCHE YMASCOT,EVI LOVE,175,Lima Sur,Zona B,2060076804-3,2060076804,1,"39,90","33,81"
2026-03-29,J1006 - JUGUETERIA,J100605 - JUGUETES NIÑAS,J10060501 - MUÑECAS,J1006050103 - MUÑECA,8056379142461,43342626,PINYPON AUTO DEPORT Y SCOOTER INCL FIGURA,PINYPON,157,Av. Central,Zona D,2060076804-3,2060076804,1,"69,90","59,24"
2026-03-29,J1006 - JUGUETERIA,J100605 - JUGUETES NIÑAS,J10060501 - MUÑECAS,J1006050103 - MUÑECA,8056379162810,43410217,PINYPON TENEBROSA SERIE 14 CDU 24X2,PINYPON,374,HB Pisco,Zona HB,2060076804-3,2060076804,2,"29,80","25,26"
2026-03-29,J1006 - JUGUETERIA,J100605 - JUGUETES NIÑAS,J10060501 - MUÑECAS,J1006050103 - MUÑECA,8056379162810,43410217,PINYPON TENEBROSA SERIE 14 CDU 24X2,PINYPON,318,HB Chiclayo Belaunde Lora,Zona HB,2060076804-3,2060076804,1,"14,90","12,63"
2026-03-29,J1006 - JUGUETERIA,J100605 - JUGUETES NIÑAS,J10060501 - MUÑECAS,J1006050104 - MUÑECA CON ACCESORIOS,4006592505134,43077290,EVI LOVE AMIGA DE MASCOTAS SURTIDO,EV,372,Huacho,Zona D,2060076804-3,2060076804,1,"19,90","16,86"
2026-03-29,J1006 - JUGUETERIA,J100605 - JUGUETES NIÑAS,J10060501 - MUÑECAS,J1006050104 - MUÑECA CON ACCESORIOS,8410779100177,43547577,PINYPON PROFESIONES,PINYPON,471,HB Iquitos Alfonso Ugarte,Zona HB,2060076804-3,2060076804,1,"22,90","22,90"
2026-03-29,J1006 - JUGUETERIA,J100605 - JUGUETES NIÑAS,J10060501 - MUÑECAS,J1006050106 - MUÑECO BEBE C/ACCESORIOS,8056379180289,43601783,NENUCO PLAZA SESAMO,NENUCO,112,Quilca,Zona D,2060076804-3,2060076804,1,"79,90","67,71"
2026-03-29,J1006 - JUGUETERIA,J100605 - JUGUETES NIÑAS,J10060501 - MUÑECAS,J1006050107 - OTRAS MUÑECAS,8410779087355,42837189,PINYPON MI MASCOTA Y YO SURT,PINYPON,472,HB Tarapoto,Zona HB,2060076804-3,2060076804,2,"55,80","55,80"
2026-03-29,J1006 - JUGUETERIA,J100605 - JUGUETES NIÑAS,J10060501 - MUÑECAS,J1006050107 - OTRAS MUÑECAS,8410779087355,42837189,PINYPON MI MASCOTA Y YO SURT,PINYPON,310,Chiclayo 1,Zona C,2060076804-3,2060076804,1,"27,90","23,64"
2026-03-29,J1006 - JUGUETERIA,J100605 - JUGUETES NIÑAS,J10060501 - MUÑECAS,J1006050107 - OTRAS MUÑECAS,8410779087355,42837189,PINYPON MI MASCOTA Y YO SURT,PINYPON,359,Huaral MP,Zona D,2060076804-3,2060076804,1,"27,90","23,64"
2026-03-29,J1006 - JUGUETERIA,J100605 - JUGUETES NIÑAS,J10060502 - ACCESORIOS DE MUÑECAS,J1006050201 - CASA DE MUÑECAS,8410779100184,43571734,PINYPON CASA PORTATIL AMOBLADA Y ACCES,PINYPON,310,Chiclayo 1,Zona C,2060076804-3,2060076804,1,"89,90","76,19"
2026-03-29,J1006 - JUGUETERIA,J100605 - JUGUETES NIÑAS,J10060502 - ACCESORIOS DE MUÑECAS,J1006050204 - OTROS ACCESORIOS,4006592692902,43324541,ART Y FUN PACK X8 CON ACCESORIOS,ART  Y F,193,Puruchuco,Zona B,2060076804-3,2060076804,1,"19,90","16,86"
2026-03-29,J1006 - JUGUETERIA,J100605 - JUGUETES NIÑAS,J10060502 - ACCESORIOS DE MUÑECAS,J1006050204 - OTROS ACCESORIOS,4006592692902,43324541,ART Y FUN PACK X8 CON ACCESORIOS,ART  Y F,179,MP Villa el Salvador,Zona D,2060076804-3,2060076804,1,"19,90","16,86"
2026-03-29,J1006 - JUGUETERIA,J100605 - JUGUETES NIÑAS,J10060502 - ACCESORIOS DE MUÑECAS,J1006050204 - OTROS ACCESORIOS,4006592692902,43324541,ART Y FUN PACK X8 CON ACCESORIOS,ART  Y F,375,Huancayo,Zona E,2060076804-3,2060076804,4,"79,60","67,44"
2026-03-29,J1006 - JUGUETERIA,J100605 - JUGUETES NIÑAS,J10060502 - ACCESORIOS DE MUÑECAS,J1006050204 - OTROS ACCESORIOS,4006592692902,43324541,ART Y FUN PACK X8 CON ACCESORIOS,ART  Y F,315,Piura,Zona C,2060076804-3,2060076804,4,"79,60","67,44"
2026-03-29,J1006 - JUGUETERIA,J100605 - JUGUETES NIÑAS,J10060503 - SET DE NIÑAS,J1006050302 - SET DE BELLEZA,4893825032358,43497634,BARBIE FASHION SET 3 EN 1,BBI,339,HB Chiclayo Leguia,Zona HB,2060076804-3,2060076804,1,"29,90","25,34"
2026-03-29,J1006 - JUGUETERIA,J100605 - JUGUETES NIÑAS,J10060504 - OTROS JUGUETES NIÑAS,J1006050402 - OTROS JUGUETES NIÑAS,4895247402528,43410212,GLAM BUDDIES BOLSO MASCOTA Y ACCS SURT,PINYPON,470,HB Iquitos La Marina,Zona HB,2060076804-3,2060076804,5,"189,50","189,50"
2026-03-29,J1006 - JUGUETERIA,J100606 - JUGUETES NIÑOS,J10060602 - ARMAS,J1006060202 - SET DE PISTOLAS,729747630737,43601782,DZ RECARGA DE 100 DARDOS ENVASE TERMO,DART ZONE,371,Piura Maestro,Zona C,2060076804-3,2060076804,1,"27,90","23,64"
2026-03-29,J1006 - JUGUETERIA,J100606 - JUGUETES NIÑOS,J10060602 - ARMAS,J1006060202 - SET DE PISTOLAS,729747630737,43601782,DZ RECARGA DE 100 DARDOS ENVASE TERMO,DART ZONE,350,Sullana,Zona C,2060076804-3,2060076804,1,"27,90","23,64"
2026-03-29,J1006 - JUGUETERIA,J100606 - JUGUETES NIÑOS,J10060603 - MUÑECOS DE ACCION,J1006060301 - FIGURAS DE ACCION,5050835105345,43536195,STRETCHERZ DEFORMABLES,STRETCHERZ,338,Arequipa Parra,Zona A,2060076804-3,2060076804,1,"17,90","15,17"
2026-03-29,J1006 - JUGUETERIA,J100606 - JUGUETES NIÑOS,J10060603 - MUÑECOS DE ACCION,J1006060301 - FIGURAS DE ACCION,5050837662419,43536192,STRETCHERZ PATRULLA ELASTICA,STRETCHERZ,352,Pacasmayo,Zona E,2060076804-3,2060076804,1,"19,90","16,86"
2026-03-29,J1006 - JUGUETERIA,J100606 - JUGUETES NIÑOS,J10060604 - PISTAS,J1006060402 - PISTAS FRICCION,5050841708615,43102223,TEAMSTERZ PLAYSET RESCATE EN EL MAR,TST,391,HB Ferrenafe,Zona HB,2060076804-3,2060076804,1,"19,90","16,86"
2026-03-29,J1006 - JUGUETERIA,J100606 - JUGUETES NIÑOS,J10060605 - VEHICULOS BASICOS,J1006060501 - DIE CAST,4893825030736,43331019,HOT WHEELS ESTUCHE PLASTICO 15 AUTOS,HOW,124,Jockey Plaza,Zona A,2060076804-3,2060076804,2,"55,80","47,28"
2026-03-29,J1006 - JUGUETERIA,J100606 - JUGUETES NIÑOS,J10060605 - VEHICULOS BASICOS,J1006060501 - DIE CAST,5050841000443,43436012,TMZ BEAST MACH TRANSPORT DINO YACCS,TST,179,MP Villa el Salvador,Zona D,2060076804-3,2060076804,1,"59,90","50,76"
2026-03-29,J1006 - JUGUETERIA,J100606 - JUGUETES NIÑOS,J10060605 - VEHICULOS BASICOS,J1006060501 - DIE CAST,5050841621112,42382272,TEAMSTERZ AUTOS DE METAL 3PULG BLISTX2,TST,179,MP Villa el Salvador,Zona D,2060076804-3,2060076804,2,"27,60","23,38"
2026-03-29,J1006 - JUGUETERIA,J100606 - JUGUETES NIÑOS,J10060605 - VEHICULOS BASICOS,J1006060501 - DIE CAST,5050841622812,41883664,TEAMSTERZ AUTOS DE METAL BASICOS EN BLISTER,TST,318,HB Chiclayo Belaunde Lora,Zona HB,2060076804-3,2060076804,4,"23,60","20,00"
2026-03-29,J1006 - JUGUETERIA,J100606 - JUGUETES NIÑOS,J10060605 - VEHICULOS BASICOS,J1006060501 - DIE CAST,5050841622812,41883664,TEAMSTERZ AUTOS DE METAL BASICOS EN BLISTER,TST,377,HB Ica Panamericana,Zona HB,2060076804-3,2060076804,7,"41,30","35,00"
2026-03-29,J1006 - JUGUETERIA,J100606 - JUGUETES NIÑOS,J10060605 - VEHICULOS BASICOS,J1006060501 - DIE CAST,5050841622812,41883664,TEAMSTERZ AUTOS DE METAL BASICOS EN BLISTER,TST,376,HB Sullana Maestro,Zona HB,2060076804-3,2060076804,2,"11,80","10,00"
2026-03-29,J1006 - JUGUETERIA,J100606 - JUGUETES NIÑOS,J10060605 - VEHICULOS BASICOS,J1006060501 - DIE CAST,5050841622812,41883664,TEAMSTERZ AUTOS DE METAL BASICOS EN BLISTER,TST,103,Mega Plaza,Zona B,2060076804-3,2060076804,1,"5,90","5,00"
2026-03-29,J1006 - JUGUETERIA,J100606 - JUGUETES NIÑOS,J10060605 - VEHICULOS BASICOS,J1006060501 - DIE CAST,5050841622812,41883664,TEAMSTERZ AUTOS DE METAL BASICOS EN BLISTER,TST,379,HB Ica La Tinguina,Zona HB,2060076804-3,2060076804,1,"5,90","5,00"
2026-03-29,J1006 - JUGUETERIA,J100606 - JUGUETES NIÑOS,J10060605 - VEHICULOS BASICOS,J1006060501 - DIE CAST,5050841644913,43324539,TEAMSTERZ CAMIONES CIUDAD SURTIDOS,TST,375,Huancayo,Zona E,2060076804-3,2060076804,1,"17,90","15,17"
2026-03-29,J1006 - JUGUETERIA,J100606 - JUGUETES NIÑOS,J10060605 - VEHICULOS BASICOS,J1006060501 - DIE CAST,5050841729412,42512466,TEAMSTERZ AUTO QUE CAMBIA DE COLOR,TST,391,HB Ferrenafe,Zona HB,2060076804-3,2060076804,1,"9,90","8,39"
2026-03-29,J1006 - JUGUETERIA,J100606 - JUGUETES NIÑOS,J10060605 - VEHICULOS BASICOS,J1006060501 - DIE CAST,5050841729412,42512466,TEAMSTERZ AUTO QUE CAMBIA DE COLOR,TST,155,Santa Anita,Zona B,2060076804-3,2060076804,3,"53,70","45,51"
2026-03-29,J1006 - JUGUETERIA,J100606 - JUGUETES NIÑOS,J10060605 - VEHICULOS BASICOS,J1006060501 - DIE CAST,5050841743210,42887778,TMZ BEAST MACHINES DIECAST BLISTER X 1,TST,192,HB Panamericana Urbana,Zona HB,2060076804-3,2060076804,1,"7,90","6,69"
2026-03-29,J1006 - JUGUETERIA,J100606 - JUGUETES NIÑOS,J10060605 - VEHICULOS BASICOS,J1006060501 - DIE CAST,5050841743210,42887778,TMZ BEAST MACHINES DIECAST BLISTER X 1,TST,332,Chincha,Zona D,2060076804-3,2060076804,1,"7,90","6,69"
2026-03-29,J1006 - JUGUETERIA,J100606 - JUGUETES NIÑOS,J10060605 - VEHICULOS BASICOS,J1006060501 - DIE CAST,5050841743210,42887778,TMZ BEAST MACHINES DIECAST BLISTER X 1,TST,471,HB Iquitos Alfonso Ugarte,Zona HB,2060076804-3,2060076804,1,"7,90","7,90"
2026-03-29,J1006 - JUGUETERIA,J100606 - JUGUETES NIÑOS,J10060605 - VEHICULOS BASICOS,J1006060501 - DIE CAST,5050841754513,43102224,TMZ BEAST MACHINE AUTOS METAL PACK 3 AUT,TST,119,Pachacutec,Zona E,2060076804-3,2060076804,1,"15,00","12,71"
2026-03-29,J1006 - JUGUETERIA,J100606 - JUGUETES NIÑOS,J10060605 - VEHICULOS BASICOS,J1006060501 - DIE CAST,5050841762716,43342629,TMZ BEAST MACH MONSTER JAWS A FRICCION,TST,334,HB Huacho,Zona HB,2060076804-3,2060076804,1,"14,90","12,63"
2026-03-29,J1006 - JUGUETERIA,J100606 - JUGUETES NIÑOS,J10060605 - VEHICULOS BASICOS,J1006060501 - DIE CAST,5050841762716,43342629,TMZ BEAST MACH MONSTER JAWS A FRICCION,TST,352,Pacasmayo,Zona E,2060076804-3,2060076804,1,"14,90","12,63"
2026-03-29,J1006 - JUGUETERIA,J100606 - JUGUETES NIÑOS,J10060605 - VEHICULOS BASICOS,J1006060501 - DIE CAST,7758786000075,43601780,TEAMSTERZ PACK DE REGALO CON 4 AUTOS,TST,451,HTO Huanuco,Zona E,2060076804-3,2060076804,0,"0,00","0,00"
2026-03-29,J1006 - JUGUETERIA,J100606 - JUGUETES NIÑOS,J10060607 - SET DE NIÑOS,J1006060708 - OTROS SETS,4893825032402,43497633,HOT WHEELS POWER SET 3 EN 1,HOW,391,HB Ferrenafe,Zona HB,2060076804-3,2060076804,1,"29,90","25,34"
2026-03-29,J1006 - JUGUETERIA,J100606 - JUGUETES NIÑOS,J10060608 - OTROS JUGUETES NIÑOS,J1006060802 - OTROS JUGUETES NIÑOS,6911400356298,42152697,INFINITY NADO TROMPO DE BATALLA METAL ANILLO,INFINITO,356,Chepen,Zona E,2060076804-3,2060076804,1,"49,90","42,29"
2026-03-29,J1006 - JUGUETERIA,J100606 - JUGUETES NIÑOS,J10060608 - OTROS JUGUETES NIÑOS,J1006060802 - OTROS JUGUETES NIÑOS,6911400357172,42461188,INFINITY NADO SET BATALLA Y2 TROMP METAL,INFINIT,316,Arequipa Porongoche,Zona A,2060076804-3,2060076804,1,"99,00","83,90"
2026-03-29,J1006 - JUGUETERIA,J100606 - JUGUETES NIÑOS,J10060608 - OTROS JUGUETES NIÑOS,J1006060802 - OTROS JUGUETES NIÑOS,6911400366112,42152696,INFINITY NADO TROMPO DE BATALLA METAL EN CAJA,INFINITO,103,Mega Plaza,Zona B,2060076804-3,2060076804,2,"55,80","47,29"
2026-03-29,J1006 - JUGUETERIA,J100606 - JUGUETES NIÑOS,J10060608 - OTROS JUGUETES NIÑOS,J1006060802 - OTROS JUGUETES NIÑOS,6911400366112,42152696,INFINITY NADO TROMPO DE BATALLA METAL EN CAJA,INFINITO,379,HB Ica La Tinguina,Zona HB,2060076804-3,2060076804,1,"27,90","23,64"
2026-03-29,J1006 - JUGUETERIA,J100606 - JUGUETES NIÑOS,J10060608 - OTROS JUGUETES NIÑOS,J1006060802 - OTROS JUGUETES NIÑOS,6911400424980,43102233,INFINITY NADO SERIE 6 STARTER PACK,INFINIT,352,Pacasmayo,Zona E,2060076804-3,2060076804,1,"69,90","59,24"
2026-03-29,J1006 - JUGUETERIA,J100606 - JUGUETES NIÑOS,J10060608 - OTROS JUGUETES NIÑOS,J1006060802 - OTROS JUGUETES NIÑOS,6911400438796,42152695,INFINITY NADO TROMPO DE BATALLA PLASTICO,INFINITO,474,TT IQUITOS MALL,Zona D,2060076804-3,2060076804,1,"14,90","14,90"
2026-03-29,J1006 - JUGUETERIA,J100606 - JUGUETES NIÑOS,J10060608 - OTROS JUGUETES NIÑOS,J1006060802 - OTROS JUGUETES NIÑOS,6911400438796,42152695,INFINITY NADO TROMPO DE BATALLA PLASTICO,INFINITO,473,HB La Merced,Zona HB,2060076804-3,2060076804,2,"29,80","29,80"
2026-03-29,J1006 - JUGUETERIA,J100606 - JUGUETES NIÑOS,J10060608 - OTROS JUGUETES NIÑOS,J1006060802 - OTROS JUGUETES NIÑOS,6911400438796,42152695,INFINITY NADO TROMPO DE BATALLA PLASTICO,INFINITO,174,HB Ventanilla Pachacutec,Zona HB,2060076804-3,2060076804,2,"29,80","25,26"
2026-03-29,J1006 - JUGUETERIA,J100606 - JUGUETES NIÑOS,J10060608 - OTROS JUGUETES NIÑOS,J1006060802 - OTROS JUGUETES NIÑOS,8711808705814,43497627,NO DESPIERTES A PAPA,GOLIATH,451,HTO Huanuco,Zona E,2060076804-3,2060076804,1,"59,90","59,90"
2026-03-29,J1006 - JUGUETERIA,J100606 - JUGUETES NIÑOS,J10060608 - OTROS JUGUETES NIÑOS,J1006060802 - OTROS JUGUETES NIÑOS,8720077145320,43497626,EL PISO ES LAVA,GOLIATH,314,Trujillo 2,Zona B,2060076804-3,2060076804,1,"49,90","42,29"
2026-03-29,J1006 - JUGUETERIA,J100607 - JUGUETES PRIMERA EDAD,J10060702 - JUGUETES PRE-ESCOLARES,J1006070204 - MOLDEABLES/ SET MOLDEABLES,4006592067113,43392669,ART FUN BALDE X5 Y ACCES,ART  Y F,335,Chimbote,Zona B,2060076804-3,2060076804,1,"22,90","19,41"
2026-03-29,J1006 - JUGUETERIA,J100607 - JUGUETES PRIMERA EDAD,J10060702 - JUGUETES PRE-ESCOLARES,J1006070204 - MOLDEABLES/ SET MOLDEABLES,4006592067113,43392669,ART FUN BALDE X5 Y ACCES,ART  Y F,193,Puruchuco,Zona B,2060076804-3,2060076804,1,"22,90","19,41"
2026-03-29,J1006 - JUGUETERIA,J100607 - JUGUETES PRIMERA EDAD,J10060702 - JUGUETES PRE-ESCOLARES,J1006070204 - MOLDEABLES/ SET MOLDEABLES,4006592067113,43392669,ART FUN BALDE X5 Y ACCES,ART  Y F,317,Arequipa Cayma,Zona A,2060076804-3,2060076804,1,"22,90","19,41"
2026-03-29,J1006 - JUGUETERIA,J100607 - JUGUETES PRIMERA EDAD,J10060702 - JUGUETES PRE-ESCOLARES,J1006070204 - MOLDEABLES/ SET MOLDEABLES,4006592077556,43474686,ART FUN SET X24 COLORES,ART  Y F,155,Santa Anita,Zona B,2060076804-3,2060076804,1,"49,90","42,29"
2026-03-29,J1006 - JUGUETERIA,J100607 - JUGUETES PRIMERA EDAD,J10060702 - JUGUETES PRE-ESCOLARES,J1006070204 - MOLDEABLES/ SET MOLDEABLES,4006592077556,43474686,ART FUN SET X24 COLORES,ART  Y F,470,HB Iquitos La Marina,Zona HB,2060076804-3,2060076804,1,"42,41","42,41"
2026-03-29,J1006 - JUGUETERIA,J100607 - JUGUETES PRIMERA EDAD,J10060702 - JUGUETES PRE-ESCOLARES,J1006070204 - MOLDEABLES/ SET MOLDEABLES,4006592606428,43392672,ART FUN MASA MOLDEABLE PACK 4 X 140 GR,ART  Y F,335,Chimbote,Zona B,2060076804-3,2060076804,1,"12,90","10,93"
2026-03-29,J1006 - JUGUETERIA,J100607 - JUGUETES PRIMERA EDAD,J10060702 - JUGUETES PRE-ESCOLARES,J1006070204 - MOLDEABLES/ SET MOLDEABLES,4006592606428,43392672,ART FUN MASA MOLDEABLE PACK 4 X 140 GR,ART  Y F,193,Puruchuco,Zona B,2060076804-3,2060076804,2,"25,80","21,86"
2026-03-29,J1006 - JUGUETERIA,J100607 - JUGUETES PRIMERA EDAD,J10060702 - JUGUETES PRE-ESCOLARES,J1006070204 - MOLDEABLES/ SET MOLDEABLES,4006592606428,43392672,ART FUN MASA MOLDEABLE PACK 4 X 140 GR,ART  Y F,107,Atocongo,Zona B,2060076804-3,2060076804,1,"12,90","10,93"
2026-03-29,J1006 - JUGUETERIA,J100607 - JUGUETES PRIMERA EDAD,J10060702 - JUGUETES PRE-ESCOLARES,J1006070204 - MOLDEABLES/ SET MOLDEABLES,4006592622640,43392671,ART FUN MASA MOLDEABLE BONUS PACK,ART  Y F,112,Quilca,Zona D,2060076804-3,2060076804,2,"31,80","26,94"
2026-03-29,J1006 - JUGUETERIA,J100608 - JUGUETES UNISEX,J10060804 - JUEGOS DE SALON,J1006080402 - NIÑOS,8711808305465,41771359,ANTON EL CERDITO COMELON,GOLIATH,310,Chiclayo 1,Zona C,2060076804-3,2060076804,1,"89,90","76,19"
